i,t,tau,x,y,z
0,0,0,-4.999999999999999,0.0000000000000006123233995736765,4
1,0.02,0.015510455083030103,-4.986913539474729,0.0000000000000006107207703742325,3.997530831281118
2,0.06,0.04654726383089816,-4.960737244372998,0.0000000000000006075150987732453,3.9925897873597447
3,0.14,0.10868506836961202,-4.908370948706183,0.0000000000000006011020771360884,3.982696653640049
4,0.30000000000000004,0.23322226476590022,-4.80358181337644,0.0000000000000005882691092193896,3.9628643747782935
5,0.4600000000000001,0.48338334225623414,-4.593762781766395,0.0000000000000005625736886732456,3.9229999724550746
6,0.6200000000000001,0.7350749713117697,-4.383592529011099,0.0000000000000005368352559419694,3.8828353597282526
7,0.7800000000000001,0.9884030541267818,-4.173030743730066,0.0000000000000005110488743052524,3.842323598674258
8,0.9400000000000002,1.2434834399040984,-3.9620319420920427,0.00000000000000048520897360025915,3.801409022715107
9,1.1,1.500442989593422,-3.7505448400318566,0.0000000000000004593092733403635,3.7600253948811773
10,1.26,1.7594207400123891,-3.5385116950559157,0.0000000000000004333427021095702,3.7180936448400574
11,1.42,2.020569164505795,-3.3258676442684725,0.0000000000000004073013164941133,3.6755190863588583
12,1.5799999999999998,2.2840555200493387,-3.112540083541943,0.0000000000000003811762250527476,3.6321879961077
13,1.7399999999999998,2.5500632597247166,-2.8984481597891305,0.0000000000000003549575261380295,3.5879634116505423
14,1.8999999999999997,2.8187934732927324,-2.6835024875491165,0.00000000000000032863427318809857,3.5426799824989224
15,2.0599999999999996,3.090466295211205,-2.467605257066121,0.0000000000000003021944879625207,3.496137686135937
16,2.2199999999999998,3.3653221863931053,-2.2506509792347065,0.00000000000000027562525177176396,3.4480942063392233
17,2.38,3.6436229502589708,-2.0325282194110446,0.0000000000000002489129178078405,3.39825577318649
18,2.54,3.925652281821437,-1.813122813059867,0.00000000000000022204350494748108,3.346266297771701
19,2.7,4.211715567362557,-1.5923232349471912,0.00000000000000019500335528860365,3.2916947228039515
20,2.8600000000000003,4.5021385495359905,-1.370029006865385,0.00000000000000016778016379967211,3.2340206859554677
21,3.0200000000000005,4.797264349203431,-1.1461632596637674,0.00000000000000014036451672475294,3.172618900276905
22,3.1800000000000006,5.097448197785696,-0.9206907719401283,0.00000000000000011275210068609839,3.1067431481343784
23,3.3400000000000007,5.403049099796844,-0.6936429092565173,0.00000000000000008494675685722519,3.035511513779965
24,3.500000000000001,5.714417548576715,-0.4651507490418434,0.00000000000000005696453759350873,2.957895472817499
25,3.660000000000001,6.031878415859209,-0.23548710057549407,-0.0000000000000001803157084528798,2.8727166769914745
26,3.820000000000001,6.355708310419522,-0.005116874589664969,-0.0000000000000004106684952013513,2.7786565549636153
27,3.9800000000000013,6.686107155298605,0.22524689920508226,0.000000000000017577645488679518,2.6742848306517746
28,4.1400000000000015,7.023164566106657,0.4545872317572368,-0.000000000008039818528441949,2.558113135108289
29,4.300000000000002,7.366822871395671,0.6815371286604662,-0.000000000016081491783490967,2.4286782618398743
30,4.460000000000002,7.71684022157191,0.90435653826472,-0.000000000024025923730228403,2.284655539807928
31,4.620000000000002,8.072758906368612,1.1209473396916614,-0.000000000031804120983319176,2.124996022768922
32,4.780000000000002,8.433885234995879,1.3289196417281026,-0.00000000003933838278655737,1.9490725358305252
33,4.940000000000002,8.79928747505835,1.5257158122921495,-0.000000000046541366266165384,1.7568113290980565
34,5.100000000000002,9.167816829928464,1.708786813775017,-0.00000000005332486480344045,1.5487815473199507
35,5.2600000000000025,9.538153108251795,1.8758010465660677,-0.00000000005960802383692201,1.3262172243533152
36,5.420000000000003,9.908872130369788,2.024853629042731,-0.00000000006532017187275776,1.0909574152298414
37,5.580000000000003,10.2785272201199,2.1546389920717566,-0.00000000007041021295235632,0.8453073857706266
38,5.740000000000003,10.645733829466328,2.264554931146067,-0.00000000007485187936687899,0.5918422465644724
39,5.900000000000003,11.009245584647713,2.354720955816092,-0.00000000007864157507999148,0.33318760968887384
40,6.060000000000003,11.36801209948864,2.4259130712389836,-0.00000000008179703351589475,0.07181515766796988
41,6.220000000000003,11.721213040966168,2.4794344256409646,-0.00000000008435481428567108,-0.19011613065678762
42,6.3800000000000034,12.068267767327553,2.5169512809576853,-0.00000000008637003846360161,-0.45085646262213136
43,6.540000000000004,12.408823974191865,2.54032468472623,-0.00000000008789862097978827,-0.7090983296360783
44,6.700000000000004,12.742731274987989,2.551461791613021,-0.00000000008900461647665668,-0.9639572177792328
45,6.860000000000004,13.07000632242327,2.552200772281803,-0.00000000008974784016509576,-1.214917127639901
46,7.020000000000004,13.390795336541489,2.5442334177373187,-0.0000000000901851343752219,-1.4617586197063792
47,7.180000000000004,13.705338386994187,2.5290622959970563,-0.0000000000903684144526325,-1.7044838191368212
48,7.340000000000004,14.013938086169574,2.5079853762140893,-0.00000000009033924429282718,-1.9432479834965226
49,7.500000000000004,14.316933887371952,2.482099927877117,-0.00000000009013764134240338,-2.1783025943578607
50,7.660000000000005,14.61468212465491,2.4523182359705062,-0.00000000008979449160144351,-2.4099513910766444
51,7.820000000000005,14.907541287428131,2.419389270113549,-0.00000000008933655869139565,-2.63851853787402
52,7.980000000000005,15.195861714274658,2.383922205513642,-0.00000000008878493906638956,-2.8643270097930467
53,8.140000000000004,15.479978811340525,2.3464092294353645,-0.00000000008815684213223451,-3.087684957888088
54,8.300000000000004,15.760208956319216,2.307246234399886,-0.00000000008746621374433444,-3.308877942238425
55,8.460000000000004,16.036847368970413,2.2667507988107656,-0.00000000008672630321156625,-3.528165258316386
56,8.620000000000005,16.31016736791432,2.2251773530973025,-0.00000000008594402451121336,-3.745778973600205
57,8.780000000000005,16.58042056574599,2.1827297068384857,-0.00000000008512847770547009,-3.961924654934644
58,8.940000000000005,16.84783766859585,2.1395712433042373,-0.00000000008428424942782832,-4.17678306878988
59,9.100000000000005,17.112629638662444,2.0958331290841694,-0.00000000008341754938071266,-4.390512369545537
60,9.260000000000005,17.37498904989737,2.051620877479771,-0.00000000008253248882258283,-4.603250461906347
61,9.420000000000005,17.635091520809027,2.00701957064564,-0.00000000008163134829624833,-4.815117344102585
62,9.580000000000005,17.893097147688913,1.9620980024622758,-0.00000000008071742809163658,-5.026217320632404
63,9.740000000000006,18.149151889698516,1.9169119603873281,-0.00000000007979240401303944,-5.236641027411862
64,9.900000000000006,18.40338887696421,1.87150682436282,-0.00000000007885900737474858,-5.44646724662072
65,10.060000000000006,18.655929626346268,1.8259196260148245,-0.00000000007791764847102146,-5.655764509509068
66,10.220000000000006,18.906885158604155,1.7801806822242021,-0.00000000007696904541923004,-5.864592497464892
67,10.380000000000006,19.156357016571352,1.7343148933163037,-0.00000000007601570719134453,-6.073003257888267
68,10.540000000000006,19.404438187633783,1.688342776952262,-0.00000000007505716386947274,-6.281042254027344
69,10.700000000000006,19.651213935967377,1.6422812935611897,-0.00000000007409540576857025,-6.488749268343057
70,10.860000000000007,19.896762551125363,1.5961445071208726,-0.00000000007313024362163578,-6.696159178124675
71,11.020000000000007,20.141156020022038,1.5499441156450222,-0.00000000007216159608427214,-6.903302620578529
72,11.180000000000007,20.384460629379266,1.5036898783376889,-0.00000000007119073726354256,-7.110206562831999
73,11.340000000000007,20.62673750545176,1.4573899605941025,-0.00000000007021870564259468,-7.31689479045892
74,11.500000000000007,20.868043097440538,1.4110512135122504,-0.00000000006924370377711598,-7.523388326369295
75,11.660000000000007,21.10842961051677,1.3646794010526722,-0.00000000006826747499019381,-7.729705790282214
76,11.820000000000007,21.34794539386042,1.3182793852270231,-0.00000000006728873436924496,-7.935863707545414
77,11.980000000000008,21.586635288601016,1.2718552775374334,-0.00000000006630913083593432,-8.141876774784008
78,12.140000000000008,21.8245409400513,1.2254105631966699,-0.000000000065329264316964,-8.347758088748318
79,12.300000000000008,22.06170107815918,1.178948203328956,-0.00000000006434753845128395,-8.55351934377288
80,12.460000000000008,22.2981517696751,1.1324707193042796,-0.00000000006336579840674186,-8.759171002439725
81,12.620000000000008,22.533926645142408,1.0859802625321162,-0.00000000006238299583368786,-8.964722443341817
82,12.780000000000008,22.76905710346732,1.0394786723861356,-0.00000000006139944815222259,-9.170182089251167
83,12.940000000000008,23.003572496511072,0.9929675244121774,-0.00000000006041601370800443,-9.375557518495441
84,13.100000000000009,23.23750029586694,0.9464481705582394,-0.00000000005943200543402505,-9.580855561923627
85,13.260000000000009,23.470866243736484,0.8999217728356746,-0.00000000005844707281695864,-9.786082387483928
86,13.420000000000009,23.703694489599823,0.853389331556578,-0.000000000057461960774045905,-9.991243574135005
87,13.580000000000009,23.936007714180445,0.806851709080563,-0.000000000056476139978240875,-10.19634417655681
88,13.740000000000009,24.167827242033827,0.7603096498336602,-0.000000000055490074206586,-10.40138878191164
89,14.06000000000001,24.39917314393825,0.7137637972242975,-0.000000000054504221370993244,-10.606381559723866
90,14.38000000000001,24.86051863530925,0.6206628642207972,-0.00000000005253123438378589,-11.016226480875336
91,14.70000000000001,25.320183022952016,0.527552530033507,-0.00000000005055730339140392,-11.425905487872486
92,15.02000000000001,25.778290261920485,0.4344355183607195,-0.00000000004858302098424909,-11.835440773070076
93,15.34000000000001,26.234951427590154,0.34131388325697876,-0.00000000004660823134321465,-12.244850990912216
94,15.66000000000001,26.69026639865451,0.24818917555914227,-0.00000000004463275389082588,-12.654151904505085
95,15.980000000000011,27.14432528014219,0.15506256601493534,-0.000000000042657033418696716,-13.063356900288822
