x,y,z
-10.0,0.0,-13.0
-9.988873187987313,0.03129360887545046,-13.132595575510148
-9.969483224354288,0.06096887331312145,-13.260670801603531
-9.94197379006961,0.08905393333841558,-13.384283962399124
-9.90648856610198,0.11557692897673552,-13.503493342015906
-9.86317123342009,0.1405660002534839,-13.618357224572865
-9.812165472992636,0.16404928719406334,-13.72893389418897
-9.753614965788314,0.18605492982387653,-13.835281634983213
-9.687663392775818,0.20661106816832603,-13.937458731074567
-9.614454434923843,0.22574584225281458,-14.035523466582013
-9.53413177320108,0.24348739210274478,-14.129534125624529
-9.446839088576231,0.25986385774351917,-14.219548992321096
-9.35272006201799,0.27490337920054053,-14.305626350790702
-9.25191837449505,0.28863409649921157,-14.387824485152315
-9.144577706976106,0.3010841496649347,-14.466201679524916
-9.030841740429851,0.3122816787231127,-14.540816218027494
-8.910854155824984,0.32225482369914815,-14.611726384779022
-8.7847586341302,0.3310317246184438,-14.678990463898486
-8.65269885631419,0.3386405215064022,-14.74266673950486
-8.51481850334565,0.3451093543884259,-14.802813495717125
-8.37126125619328,0.3504663632899178,-14.859489016654265
-8.222170795825768,0.35473968823628044,-14.912751586435254
-8.067690803211814,0.35795746925291627,-14.962659489179078
-7.907964959320114,0.3601478463652281,-15.009271009004713
-7.743136945119354,0.36133895959861845,-15.052644430031135
-7.573350441578239,0.3615589489784903,-15.092838036377335
-7.398749129665463,0.36083595453024586,-15.129910112162287
-7.219476690349715,0.3591981162792881,-15.16391894150497
-7.035676804599698,0.3566735742510196,-15.19492280852437
-6.8474931533840975,0.35329046847084267,-15.222979997339456
-6.655069417671614,0.3490769389641602,-15.248148792069212
-6.458549278430946,0.34406112575637515,-15.27048747683263
-6.258076416630782,0.3382711688728896,-15.290054335748673
-6.0537945132398185,0.33173520833910647,-15.306907652936328
-5.845847249226752,0.3244813841804283,-15.321105712514578
-5.63437830556028,0.3165378364222579,-15.3327067986024
-5.419531363209093,0.3079327050899978,-15.341769195318772
-5.201450103141887,0.29869413020905056,-15.34835118678268
-4.980278206327358,0.28885025180481905,-15.352511057113098
-4.756159353734203,0.27842920990270575,-15.354307090429009
-4.5292372263311105,0.2674591445281132,-15.35379757084939
-4.299655505086782,0.25596819570644436,-15.351040782493223
-4.067557870969914,0.24398450346310155,-15.346095009479498
-3.833088004949192,0.23153620782348752,-15.339018535927174
-3.596389587993319,0.21865144881300488,-15.329869645955247
-3.3576063010709882,0.20535836645705643,-15.31870662368269
-3.1168818251508936,0.19168510078104464,-15.305587753228485
-2.8743598412017333,0.17765979181037245,-15.290571318711619
-2.6301840301921984,0.16331057957044193,-15.273715604251056
-2.384498073090984,0.14866560408665616,-15.25507889396579
-2.1374456508667885,0.1337530053844177,-15.2347194719748
-1.889170444488304,0.1186009234891292,-15.212695622397055
-1.6398161349242284,0.10323749842619334,-15.189065629351552
-1.3895264031432517,0.08769087022101243,-15.163887776957253
-1.1384449301140738,0.07198917889898959,-15.137220349333147
-0.8867153968053875,0.05616056448552707,-15.109121630598219
-0.6344814841858895,0.04023316700602787,-15.079649904871435
-0.38188687322427217,0.02423512648589435,-15.048863456271791
-0.12907524488923305,0.008194582950529236,-15.016820568918256
0.12380971985053502,-0.007860323574664785,-14.983579526929814
0.37662434002633477,-0.023901453064285098,-14.949198614425447
0.6292249346694729,-0.03990066549292917,-14.913736115524127
0.8814678228112517,-0.05582982083519405,-14.877250314344845
1.1332093234829828,-0.07166077906567761,-14.839799495006572
1.384305755715963,-0.08736540015897677,-14.80144194162829
1.6346134385415028,-0.10291554408968905,-14.762235938328985
1.8839886909909065,-0.11828307083241195,-14.72223976922763
2.1322878320954732,-0.1334398403617423,-14.68151171844321
2.379367180886516,-0.14835771265227818,-14.640110070094698
2.625083056395335,-0.16300854767861622,-14.59809310830108
2.8692917776532387,-0.1773642054153545,-14.555519117181335
3.1118496636915287,-0.19139654583708976,-14.512446380854447
3.3526130335415103,-0.2050774289184199,-14.468933183439386
3.5914382062344896,-0.21837871463394182,-14.425037809055135
3.8281815008017723,-0.2312722629582531,-14.380818541820682
4.062699236274663,-0.24372993386595118,-14.336333665855003
4.294847731684467,-0.25572358733163325,-14.291641465277076
4.524483306062484,-0.26722508332989653,-14.246800224205879
4.751462278440028,-0.27820628183533874,-14.201868226760395
4.975640967848399,-0.28863904282255726,-14.1569037570596
5.1968756933189,-0.298495226266149,-14.111965099222484
5.415022773882842,-0.3077466921407117,-14.067110537368016
5.62993852857152,-0.31636530042084243,-14.022398355615183
5.8414792764162495,-0.3243229110811388,-13.977886838082961
6.049501336448332,-0.3315913840961982,-13.933634268890334
6.253861027699071,-0.3381425794406179,-13.889698932156277
6.454414669199774,-0.3439483570889953,-13.846139111999776
6.6510185799817405,-0.3489805770159274,-13.803013092539805
6.843529079076282,-0.35321109919601207,-13.760379157895345
7.0318024855146986,-0.35661178360384616,-13.71829559218538
7.215695118328301,-0.35915449021402773,-13.676820679528888
7.39506329654839,-0.3608110790011537,-13.636012704044848
7.5697633392062675,-0.3615534099398215,-13.595929949852245
7.739651565333241,-0.36135334300462774,-13.556630701070045
7.90458429396062,-0.36018273817017105,-13.518173241817244
8.06441784411971,-0.3580134554110486,-13.480615856212815
8.219008534841805,-0.3548173547018568,-13.444016828375743
8.368212685158223,-0.35056629601719397,-13.408434442425001
8.51188661410026,-0.34523213933165686,-13.373926982479567
8.64988664069922,-0.3387867446198426,-13.340552732658425
8.782069083986418,-0.3312019718563495,-13.308369977080563
8.90829026299315,-0.32244968101577465,-13.27743699986495
9.028406496750728,-0.3125017320727152,-13.24781208513057
9.142274104290447,-0.30132998500176794,-13.219553516996404
9.249749404643621,-0.28890629977753063,-13.192719579581427
9.350688716841553,-0.27520253637460157,-13.167368557004629
9.444948359915545,-0.260190554767577,-13.143558733384982
9.532384652896905,-0.2438422149310547,-13.121348392841465
9.612853914816936,-0.22612937683963175,-13.100795819493062
9.686212464706943,-0.20702390046790536,-13.081959297458749
9.752316621598235,-0.18649764579047365,-13.064897110857514
9.811022704522111,-0.164522472781934,-13.049667543808328
9.862187032509878,-0.1410702414168824,-13.036328880430178
9.905665924592844,-0.11611281166991767,-13.024939404842039
9.941315699802312,-0.08962204351563625,-13.01555740116289
9.968992677169584,-0.06156979692863608,-13.008241153511717
9.988553175725972,-0.03192793188351491,-13.0030489460075
9.999853514502773,-0.0006683083548686704,-13.000039062769211
10.002794062344325,0.032224448243469477,-12.999252157874624
9.99746274824971,0.06671135840183906,-13.000653818266537
9.983997412249439,0.10273897861641287,-13.004189655013182
9.962535894797629,0.1402538652606007,-13.00980527901322
9.933216036348405,0.1792025747078135,-13.017446301165329
9.896175677355888,0.21953166333145938,-13.027058332368176
9.851552658274203,0.2611876875049483,-13.038586983520434
9.799484819557469,0.30411720360169203,-13.051977865520774
9.740110001659811,0.34826676799509776,-13.067176589267868
9.673566045035345,0.3935829370585778,-13.084128765660388
9.599990790138206,0.44001226716553965,-13.102780005597005
9.519522077422506,0.4875013146893938,-13.123075919976388
9.432297747342371,0.5359966360035512,-13.144962119697212
9.338455640351924,0.5854447874814198,-13.168384215658147
9.238133596905284,0.635792325496412,-13.193287818757865
9.131469457456578,0.6869858064219337,-13.219618539895034
9.01860106245993,0.7389717866313977,-13.247321989968333
8.899666252369459,0.7916968224982134,-13.276343779876425
8.774802867639286,0.8451074703957893,-13.306629520517985
8.644148748723532,0.8991502866975374,-13.33812482279169
8.50784173607633,0.953771827776865,-13.370775297596202
8.366019670151793,1.0089186500071827,-13.404526555830193
8.218820391404044,1.0645373097619013,-13.439324208392343
8.066381740287207,1.1205743634144296,-13.475113866181315
7.908841557255405,1.1769763673381781,-13.511841140095788
7.746337682762764,1.233689877906555,-13.549451641034425
7.579007957263402,1.2906614514929715,-13.587890979895903
7.406990221211436,1.347837644470838,-13.627104767578892
7.230422315061003,1.4051650132135622,-13.667038614982063
7.0494420792662105,1.4625901140945565,-13.70763813300409
6.864187354281194,1.5200595034872273,-13.74884893254364
6.674795980560067,1.5775197377649868,-13.790616624499384
6.48140579855695,1.6349173733012459,-13.832886819770001
6.284154648725979,1.6921989664694108,-13.875605129254158
6.08318037152126,1.7493110736428954,-13.918717163850525
5.8786208073969295,1.8062002511951047,-13.962168534457772
5.6706137968071015,1.8628130554994513,-14.00590485197457
5.459297180205898,1.919096042929347,-14.0498717272996
5.244808798047449,1.9749957698581975,-14.094014771331523
5.027286490785866,2.030458792659416,-14.138279594969017
4.806868098875284,2.085431667706409,-14.182611809110746
4.583691462769819,2.1398609513725897,-14.226957024655391
4.3578944229235885,2.193693200031365,-14.271260852501614
4.129614819790723,2.2468749700561466,-14.315468903548096
3.898990493825339,2.2993528178203446,-14.3595267886935
3.666159285481569,2.351073299697365,-14.4033801188365
3.4312590352135266,2.401982972060621,-14.446974504875769
3.1944275834753313,2.452028391283524,-14.490255557709979
2.9558027707211165,2.501156113739479,-14.533168888237798
2.7155224374049927,2.5493126958019006,-14.575660107357903
2.4737244239810927,2.596444693844194,-14.617674825968955
2.230546570903539,2.6424986642397714,-14.659158654969636
1.9861267186264404,2.6874211633620435,-14.700057205258613
1.740602707603936,2.731158747584419,-14.740316087734561
1.4941123782901347,2.773657973280309,-14.77988091329615
1.2467935711391716,2.814865396823119,-14.818697292842042
0.9987841266051655,2.854727574586262,-14.856710837270919
0.750221885142228,2.8931910629431496,-14.893867157481454
0.5012446872044964,2.9302024182671884,-14.930111864372313
0.2519903732460813,2.9657081969317898,-14.965390568842167
0.0025967837211154365,2.999654955310363,-14.99964888178969
-0.24679824091628116,3.031989249776317,-15.03283241411355
-0.4960568602119965,3.0626576367030633,-15.064886776712425
-0.7450412337118919,3.09160667246401,-15.095757580484978
-0.9936135209618611,3.118782913432569,-15.125390436329889
-1.2416358815077655,3.144132915982148,-15.153730955145825
-1.4889704748954906,3.167603236486157,-15.180724747831452
-1.7354794606709203,3.1891404313180076,-15.206317425285453
-1.9810249983799189,3.2086910568511073,-15.23045459840649
-2.225469247568376,3.2262016694588675,-15.253081878093242
-2.468674367782159,3.2416188255146974,-15.274144875244374
-2.7105025185671505,3.254889081392007,-15.29358920075856
-2.9508158594692326,3.265958993464205,-15.311360465534472
-3.1894765500342706,3.2747751181047025,-15.327404280470779
-3.426346749808152,3.281284011686909,-15.341666256466155
-3.661288618336755,3.285432230584234,-15.354092004419272
-3.8941643151659475,3.2871663311700874,-15.364627135228796
-4.124835999841621,3.2864328698178795,-15.373217259793408
-4.353165831909638,3.283178402901019,-15.379807989011768
-4.579015970915883,3.277349486792916,-15.384344933782554
-4.802248576406239,3.2688926778669805,-15.38677370500444
-5.022725807926574,3.2577545324966226,-15.387039913576091
-5.240309825022775,3.2438816070552523,-15.385089170396187
-5.454862787240708,3.227220457916278,-15.380867086363388
-5.666246854126256,3.2077176414531112,-15.374319272376374
-5.874324185225304,3.1853197140391605,-15.365391339333813
-6.078956940083716,3.159973232047836,-15.354028898134375
-6.280007278247382,3.1316247518525464,-15.340177559676736
-6.477337359262169,3.100220829826705,-15.323782934859567
-6.67080934267396,3.065708022343718,-15.304790634581536
-6.860285388028633,3.028032885776995,-15.283146269741312
-7.045627654872062,2.9871419764999487,-15.258795451237575
-7.2266983027501315,2.9429818508859857,-15.23168378996899
-7.403359491208711,2.89549906530852,-15.201756896834233
-7.57547337979368,2.844640176140958,-15.16896038273197
-7.742902128050921,2.7903517397567086,-15.133239858560875
-7.905507895526302,2.7325803125291843,-15.09454093521962
-8.063152841765714,2.671272450831793,-15.052809223606875
-8.215699126315021,2.6063747110379474,-15.007990334621315
-8.363008908720106,2.5378336495210543,-14.960029879161608
-8.50494434852685,2.4655958226545227,-14.908873468126423
-8.641367605281124,2.3896077868117658,-14.854466712414437
-8.772140838528813,2.30981609836619,-14.796755222924318
-8.897126207815788,2.2261673136912092,-14.735684610554742
-9.016185872687927,2.13860798916023,-14.671200486204375
-9.129181992691114,2.047084681146661,-14.603248460771887
-9.235976727371217,1.951543946023916,-14.531774145155957
-9.336432236274124,1.8519323401654004,-14.45672315025525
-9.430410678945702,1.7481964199445288,-14.378041086968441
-9.517774214931833,1.6402827417347081,-14.2956735661942
-9.598385003778398,1.528137861909346,-14.209566198831197
-9.672105205031269,1.4117083368418573,-14.119664595778106
-9.738796978236328,1.2909407229056462,-14.025914367933595
-9.798322482939449,1.1657815764741286,-13.928261126196343
-9.85054387868651,1.0361774539207111,-13.82665048146501
-9.89532332502339,0.9020749116188002,-13.721028044638276
-9.93252298149597,0.7634205059418124,-13.611339426614816
-9.962005007650118,0.6201607932631504,-13.497530238293287
-9.98363156303172,0.47224232995623155,-13.379546090572372
-9.997264807186646,0.3196116723944617,-13.257332594350736
-10.002766899660788,0.16221537695124666,-13.130835360527064
-10.0,0.0,-13.0
