row,col,m_x0,m_x1,m_x2,m_x3,m_sc
1,1,-3.4546319080970083,-0.6870229007633588,-0.6870229007633588,-0.21165834290837704,-8.842305925070203
1,2,-3.480176361720914,-0.6654835847382431,-0.7187222715173025,-0.1801552549751384,-8.941713626661285
1,3,-3.5059411674435212,-0.6394810009267841,-0.7506950880444857,-0.14838041444762273,-9.042484814411475
1,4,-3.5316582605629394,-0.6086956521739131,-0.782608695652174,-0.11666441621738022,-9.14357612452167
1,5,-3.557011155470067,-0.5728643216080401,-0.8140703517587939,-0.08539757099999201,-9.243731370446245
1,6,-3.5816370382708906,-0.5318039624608968,-0.8446298227320125,-0.05502732457663717,-9.341485660981862
1,7,-3.6051324268714606,-0.4854368932038835,-0.8737864077669902,-0.026051277407764584,-9.435185107654476
1,8,-3.627062980775191,-0.43381535038932145,-0.9010011123470523,0.0009949134493880685,-9.523025297203947
1,9,-3.646977713969076,-0.3771428571428571,-0.9257142857142857,0.025555062599997624,-9.603110312498401
1,10,-3.664427368102899,-0.3157894736842105,-0.9473684210526315,0.04707511531578501,-9.673531815837428
1,11,-3.67898607834566,-0.2502979737783075,-0.9654350417163289,0.06502986728366489,-9.732464705345581
1,12,-3.6902748001632784,-0.18137847642079805,-0.9794437726723096,0.07895185603747745,-9.778272532450197
1,13,-3.6979843952833287,-0.10989010989010989,-0.989010989010989,0.08845983207691477,-9.809612895849833
1,14,-3.701895950598839,-0.03680981595092025,-0.9938650306748467,0.09328381746624892,-9.825531202324237
1,15,-3.701895950598839,0.03680981595092025,-0.9938650306748467,0.09328381746624892,-9.825531202324237
1,16,-3.6979843952833287,0.10989010989010989,-0.989010989010989,0.08845983207691477,-9.809612895849833
1,17,-3.6902748001632784,0.18137847642079805,-0.9794437726723096,0.07895185603747745,-9.778272532450197
1,18,-3.67898607834566,0.2502979737783075,-0.9654350417163289,0.06502986728366489,-9.732464705345581
1,19,-3.664427368102899,0.3157894736842105,-0.9473684210526315,0.04707511531578501,-9.673531815837428
1,20,-3.646977713969076,0.3771428571428571,-0.9257142857142857,0.025555062599997624,-9.603110312498401
1,21,-3.627062980775191,0.43381535038932145,-0.9010011123470523,0.0009949134493880685,-9.523025297203947
1,22,-3.6051324268714606,0.4854368932038835,-0.8737864077669902,-0.026051277407764584,-9.435185107654476
1,23,-3.5816370382708906,0.5318039624608968,-0.8446298227320125,-0.05502732457663717,-9.341485660981862
1,24,-3.557011155470067,0.5728643216080401,-0.8140703517587939,-0.08539757099999201,-9.243731370446245
1,25,-3.5316582605629394,0.6086956521739131,-0.782608695652174,-0.11666441621738022,-9.14357612452167
1,26,-3.5059411674435212,0.6394810009267841,-0.7506950880444857,-0.14838041444762273,-9.042484814411475
1,27,-3.480176361720914,0.6654835847382431,-0.7187222715173025,-0.1801552549751384,-8.941713626661285
1,28,-3.4546319080970083,0.6870229007633588,-0.6870229007633588,-0.21165834290837704,-8.842305925070203
1,29,-3.429528177839893,0.7044534412955465,-0.6558704453441295,-0.24261790201212297,-8.745099962956681
2,1,-3.480176361720914,-0.7187222715173025,-0.6654835847382431,-0.1801552549751384,-8.941713626661285
2,2,-3.508192092718667,-0.6976744186046511,-0.6976744186046511,-0.1456044264418469,-9.051312758984249
2,3,-3.5365708468205033,-0.6718597857838363,-0.7302823758519961,-0.11060589411586108,-9.162944599101879
2,4,-3.5650193689681986,-0.6408952187182095,-0.7629704984740591,-0.075521319280766,-9.275469640780411
2,5,-3.593185407959506,-0.6044538706256627,-0.7953340402969247,-0.04078512111664523,-9.387487672906996
2,6,-3.6206589412512473,-0.5622932745314222,-0.8269018743109151,-0.006902966192943172,-9.49733663214425
2,7,-3.6469777139690756,-0.5142857142857142,-0.8571428571428571,0.025555062599997513,-9.603110312498398
2,8,-3.671637968984644,-0.460448642266824,-0.8854781582054309,0.05596769908263921,-9.702699667803367
2,9,-3.694110862376718,-0.40097205346294046,-0.9113001215066829,0.08368273840460949,-9.793860865685513
2,10,-3.7138644330523984,-0.336239103362391,-0.933997509339975,0.10804413141593006,-9.874310395643697
2,11,-3.7303901648603635,-0.26683608640406603,-0.9529860228716645,0.12842474279922544,-9.941843512412516
2,12,-3.7432322577395207,-0.19354838709677416,-0.967741935483871,0.1442624501612767,-9.994467628222
2,13,-3.7520168966755456,-0.11734028683181226,-0.9778357235984355,0.1550962404211066,-10.030537890672335
2,14,-3.7564782958730683,-0.039318479685452164,-0.9829619921363042,0.16059832918347128,-10.048879285886697
2,15,-3.7564782958730683,0.039318479685452164,-0.9829619921363042,0.16059832918347128,-10.048879285886697
2,16,-3.7520168966755456,0.11734028683181226,-0.9778357235984355,0.1550962404211066,-10.030537890672335
2,17,-3.7432322577395207,0.19354838709677416,-0.967741935483871,0.1442624501612767,-9.994467628222
2,18,-3.7303901648603635,0.26683608640406603,-0.9529860228716645,0.12842474279922544,-9.941843512412516
2,19,-3.7138644330523984,0.336239103362391,-0.933997509339975,0.10804413141593006,-9.874310395643697
2,20,-3.694110862376718,0.40097205346294046,-0.9113001215066829,0.08368273840460949,-9.793860865685513
2,21,-3.671637968984644,0.460448642266824,-0.8854781582054309,0.05596769908263921,-9.702699667803367
2,22,-3.6469777139690756,0.5142857142857142,-0.8571428571428571,0.025555062599997513,-9.603110312498398
2,23,-3.6206589412512473,0.5622932745314222,-0.8269018743109151,-0.006902966192943172,-9.49733663214425
2,24,-3.593185407959506,0.6044538706256627,-0.7953340402969247,-0.04078512111664523,-9.387487672906996
2,25,-3.5650193689681986,0.6408952187182095,-0.7629704984740591,-0.075521319280766,-9.275469640780411
2,26,-3.5365708468205033,0.6718597857838363,-0.7302823758519961,-0.11060589411586108,-9.162944599101879
2,27,-3.508192092718667,0.6976744186046511,-0.6976744186046511,-0.1456044264418469,-9.051312758984249
2,28,-3.480176361720914,0.7187222715173025,-0.6654835847382431,-0.1801552549751384,-8.941713626661285
2,29,-3.4527599658878825,0.73541842772612,-0.6339814032121724,-0.21396694425441776,-8.83504079795016
3,1,-3.5059411674435212,-0.7506950880444857,-0.6394810009267841,-0.14838041444762273,-9.042484814411475
3,2,-3.5365708468205033,-0.7302823758519961,-0.6718597857838363,-0.11060589411586108,-9.162944599101879
3,3,-3.567732400098822,-0.7048008171603677,-0.7048008171603677,-0.07217543216444666,-9.28623309875202
3,4,-3.599107807174149,-0.6737967914438503,-0.7379679144385027,-0.0334812317486598,-9.411118680805663
3,5,-3.6303079326457026,-0.6368715083798883,-0.770949720670391,0.004996799949720132,-9.536053828066615
3,6,-3.660872432743855,-0.5937136204889406,-0.8032596041909196,0.042690936939460467,-9.659166271196096
3,7,-3.6902748001632784,-0.5441354292623942,-0.8343409915356711,0.07895185603747745,-9.778272532450199
3,8,-3.7179338169487908,-0.4881101376720901,-0.8635794743429286,0.11306276131538351,-9.890920707676106
3,9,-3.7432322577395207,-0.4258064516129032,-0.8903225806451612,0.14426245016127692,-9.994467628222003
3,10,-3.765542913580352,-0.3576158940397351,-0.9139072847682118,0.17177740754303017,-10.086192041224534
3,11,-3.784260919833824,-0.28416779431664413,-0.9336941813261163,0.1948616748998463,-10.163440152683732
3,12,-3.798840109711442,-0.2063273727647868,-0.9491059147180193,0.21284168369048906,-10.223793412428984
3,13,-3.80882993012828,-0.12517385257301808,-0.9596662030598052,0.2251617824353057,-10.26524206630202
3,14,-3.81390867099754,-0.04195804195804196,-0.965034965034965,0.2314252172517265,-10.28634350502164
3,15,-3.81390867099754,0.04195804195804196,-0.965034965034965,0.2314252172517265,-10.28634350502164
3,16,-3.80882993012828,0.12517385257301808,-0.9596662030598052,0.2251617824353057,-10.26524206630202
3,17,-3.798840109711442,0.2063273727647868,-0.9491059147180193,0.21284168369048906,-10.223793412428984
3,18,-3.784260919833824,0.28416779431664413,-0.9336941813261163,0.1948616748998463,-10.163440152683732
3,19,-3.765542913580352,0.3576158940397351,-0.9139072847682118,0.17177740754303017,-10.086192041224534
3,20,-3.7432322577395207,0.4258064516129032,-0.8903225806451612,0.14426245016127692,-9.994467628222003
3,21,-3.7179338169487908,0.4881101376720901,-0.8635794743429286,0.11306276131538351,-9.890920707676106
3,22,-3.6902748001632784,0.5441354292623942,-0.8343409915356711,0.07895185603747745,-9.778272532450199
3,23,-3.660872432743855,0.5937136204889406,-0.8032596041909196,0.042690936939460467,-9.659166271196096
3,24,-3.6303079326457026,0.6368715083798883,-0.770949720670391,0.004996799949720132,-9.536053828066615
3,25,-3.599107807174149,0.6737967914438503,-0.7379679144385027,-0.0334812317486598,-9.411118680805663
3,26,-3.567732400098822,0.7048008171603677,-0.7048008171603677,-0.07217543216444666,-9.28623309875202
3,27,-3.5365708468205033,0.7302823758519961,-0.6718597857838363,-0.11060589411586108,-9.162944599101879
3,28,-3.5059411674435212,0.7506950880444857,-0.6394810009267841,-0.14838041444762273,-9.042484814411475
3,29,-3.4760940966144975,0.7665198237885463,-0.6079295154185022,-0.18518977082377108,-8.925793725020977
4,1,-3.5316582605629394,-0.782608695652174,-0.6086956521739131,-0.11666441621738022,-9.14357612452167
4,2,-3.5650193689681986,-0.7629704984740591,-0.6408952187182095,-0.075521319280766,-9.275469640780411
4,3,-3.599107807174149,-0.7379679144385027,-0.6737967914438503,-0.0334812317486598,-9.411118680805663
4,4,-3.633582019886545,-0.7070707070707071,-0.7070707070707071,0.00903461809090822,-9.549207507069763
4,5,-3.668015722360736,-0.6698002350176263,-0.7403055229142185,0.051500508059924566,-9.688042217395617
4,6,-3.701895950598839,-0.6257668711656441,-0.7730061349693251,0.09328381746624892,-9.825531202324237
4,7,-3.7346271261125334,-0.5747126436781609,-0.8045977011494252,0.13365004003447012,-9.959191707569005
4,8,-3.765542913580352,-0.5165562913907285,-0.8344370860927152,0.17177740754303017,-10.086192041224534
4,9,-3.7939271952930382,-0.4514363885088919,-0.8618331053351573,0.20678275687959757,-10.203437316037148
4,10,-3.8190445566304474,-0.37974683544303794,-0.8860759493670886,0.23775912672149657,-10.307702451061914
4,11,-3.840179280242127,-0.302158273381295,-0.9064748201438848,0.2638238477050111,-10.39580932521543
4,12,-3.8566801460780393,-0.21961932650073207,-0.9224011713030746,0.28417379274814325,-10.464836166735283
4,13,-3.868006666330838,-0.13333333333333333,-0.9333333333333332,0.298142396999972,-10.51233818942359
4,14,-3.8737712068171732,-0.044709388971684055,-0.9388971684053651,0.30525160467806367,-10.536551666505902
4,15,-3.8737712068171732,0.044709388971684055,-0.9388971684053651,0.30525160467806367,-10.536551666505902
4,16,-3.868006666330838,0.13333333333333333,-0.9333333333333332,0.298142396999972,-10.51233818942359
4,17,-3.8566801460780393,0.21961932650073207,-0.9224011713030746,0.28417379274814325,-10.464836166735283
4,18,-3.840179280242127,0.302158273381295,-0.9064748201438848,0.2638238477050111,-10.39580932521543
4,19,-3.8190445566304474,0.37974683544303794,-0.8860759493670886,0.23775912672149657,-10.307702451061914
4,20,-3.7939271952930382,0.4514363885088919,-0.8618331053351573,0.20678275687959757,-10.203437316037148
4,21,-3.765542913580352,0.5165562913907285,-0.8344370860927152,0.17177740754303017,-10.086192041224534
4,22,-3.7346271261125334,0.5747126436781609,-0.8045977011494252,0.13365004003447012,-9.959191707569005
4,23,-3.701895950598839,0.6257668711656441,-0.7730061349693251,0.09328381746624892,-9.825531202324237
4,24,-3.668015722360736,0.6698002350176263,-0.7403055229142185,0.051500508059924566,-9.688042217395617
4,25,-3.633582019886545,0.7070707070707071,-0.7070707070707071,0.00903461809090822,-9.549207507069763
4,26,-3.599107807174149,0.7379679144385027,-0.6737967914438503,-0.0334812317486598,-9.411118680805663
4,27,-3.5650193689681986,0.7629704984740591,-0.6408952187182095,-0.075521319280766,-9.275469640780411
4,28,-3.5316582605629394,0.782608695652174,-0.6086956521739131,-0.11666441621738022,-9.14357612452167
4,29,-3.499287424077486,0.7974335472043997,-0.5774518790100825,-0.15658624517047093,-9.016412055057726
5,1,-3.557011155470067,-0.8140703517587939,-0.5728643216080401,-0.08539757099999201,-9.243731370446245
5,2,-3.593185407959506,-0.7953340402969247,-0.6044538706256627,-0.04078512111664523,-9.387487672906996
5,3,-3.6303079326457026,-0.770949720670391,-0.6368715083798883,0.004996799949720132,-9.536053828066615
5,4,-3.668015722360736,-0.7403055229142186,-0.6698002350176263,0.05150050805992468,-9.688042217395617
5,5,-3.7058460909236266,-0.7028360049321823,-0.7028360049321823,0.09815538840812876,-9.841618418730675
5,6,-3.7432322577395207,-0.6580645161290322,-0.7354838709677418,0.1442624501612767,-9.994467628222003
5,7,-3.7795058408562427,-0.6056527590847913,-0.7671601615074023,0.1889974010592016,-10.14379080924956
5,8,-3.8139086709975394,-0.5454545454545454,-0.7972027972027971,0.2314252172517265,-10.286343505021636
5,9,-3.8456158896805874,-0.4775687409551375,-0.824891461649783,0.27052862940518463,-10.41852886539581
5,10,-3.8737712068171732,-0.40238450074515647,-0.849478390461997,0.30525160467806367,-10.536551666505902
5,11,-3.8975334347761112,-0.32061068702290074,-0.8702290076335877,0.3345567355648539,-10.636631485546301
5,12,-3.916131166067458,-0.2332814930015552,-0.8864696734059098,0.35749267198596957,-10.715261420640083
5,13,-3.928920157139198,-0.14173228346456695,-0.8976377952755906,0.37326489073224856,-10.769486033612312
5,14,-3.9354362595632297,-0.047543581616481784,-0.9033280507131538,0.3813009736592353,-10.797162093075565
5,15,-3.9354362595632297,0.047543581616481784,-0.9033280507131538,0.3813009736592353,-10.797162093075565
5,16,-3.928920157139198,0.14173228346456695,-0.8976377952755906,0.37326489073224856,-10.769486033612312
5,17,-3.916131166067458,0.2332814930015552,-0.8864696734059098,0.35749267198596957,-10.715261420640083
5,18,-3.8975334347761112,0.32061068702290074,-0.8702290076335877,0.3345567355648539,-10.636631485546301
5,19,-3.8737712068171732,0.40238450074515647,-0.849478390461997,0.30525160467806367,-10.536551666505902
5,20,-3.8456158896805874,0.4775687409551375,-0.824891461649783,0.27052862940518463,-10.41852886539581
5,21,-3.8139086709975394,0.5454545454545454,-0.7972027972027971,0.2314252172517265,-10.286343505021636
5,22,-3.7795058408562427,0.6056527590847913,-0.7671601615074023,0.1889974010592016,-10.14379080924956
5,23,-3.7432322577395207,0.6580645161290322,-0.7354838709677418,0.1442624501612767,-9.994467628222003
5,24,-3.7058460909236266,0.7028360049321823,-0.7028360049321823,0.09815538840812876,-9.841618418730675
5,25,-3.668015722360736,0.7403055229142186,-0.6698002350176263,0.05150050805992468,-9.688042217395617
5,26,-3.6303079326457026,0.770949720670391,-0.6368715083798883,0.004996799949720132,-9.536053828066615
5,27,-3.593185407959506,0.7953340402969247,-0.6044538706256627,-0.04078512111664523,-9.387487672906996
5,28,-3.557011155470067,0.8140703517587939,-0.5728643216080401,-0.08539757099999201,-9.243731370446245
5,29,-3.5220574497417814,0.8277830637488106,-0.5423406279733587,-0.12850476293148172,-9.10577708017412
6,1,-3.5816370382708906,-0.8446298227320125,-0.5318039624608968,-0.05502732457663717,-9.341485660981862
6,2,-3.6206589412512473,-0.8269018743109151,-0.5622932745314222,-0.006902966192943172,-9.49733663214425
6,3,-3.660872432743855,-0.8032596041909196,-0.5937136204889406,0.042690936939460467,-9.659166271196096
6,4,-3.701895950598839,-0.7730061349693251,-0.6257668711656441,0.09328381746624892,-9.825531202324237
6,5,-3.7432322577395207,-0.7354838709677418,-0.6580645161290322,0.1442624501612767,-9.994467628222003
6,6,-3.784260919833824,-0.6901217861975643,-0.6901217861975643,0.1948616748998463,-10.163440152683732
6,7,-3.824238556952271,-0.6364922206506365,-0.7213578500707213,0.2441647070197791,-10.329323617859217
6,8,-3.8623100438472875,-0.5743740795287187,-0.7511045655375552,0.29111695023708595,-10.48843498544472
6,9,-3.8975334347761117,-0.5038167938931297,-0.7786259541984732,0.3345567355648541,-10.636631485546303
6,10,-3.9289201571391974,-0.42519685039370075,-0.8031496062992125,0.37326489073224833,-10.769486033612308
6,11,-3.955489854260776,-0.3392568659127625,-0.8239095315024232,0.40603237588202956,-10.882540326920063
6,12,-3.9763363423236293,-0.2471169686985173,-0.8401976935749589,0.43174162596865806,-10.971620640273402
6,13,-3.9906980297036023,-0.15025041736227046,-0.8514190317195325,0.44945339647908955,-11.033183915695425
6,14,-3.9980236971318748,-0.05042016806722689,-0.8571428571428571,0.45848788782348626,-11.064647167279967
6,15,-3.9980236971318748,0.05042016806722689,-0.8571428571428571,0.45848788782348626,-11.064647167279967
6,16,-3.9906980297036023,0.15025041736227046,-0.8514190317195325,0.44945339647908955,-11.033183915695425
6,17,-3.9763363423236293,0.2471169686985173,-0.8401976935749589,0.43174162596865806,-10.971620640273402
6,18,-3.955489854260776,0.3392568659127625,-0.8239095315024232,0.40603237588202956,-10.882540326920063
6,19,-3.9289201571391974,0.42519685039370075,-0.8031496062992125,0.37326489073224833,-10.769486033612308
6,20,-3.8975334347761117,0.5038167938931297,-0.7786259541984732,0.3345567355648541,-10.636631485546303
6,21,-3.8623100438472875,0.5743740795287187,-0.7511045655375552,0.29111695023708595,-10.48843498544472
6,22,-3.824238556952271,0.6364922206506365,-0.7213578500707213,0.2441647070197791,-10.329323617859217
6,23,-3.784260919833824,0.6901217861975643,-0.6901217861975643,0.1948616748998463,-10.163440152683732
6,24,-3.7432322577395207,0.7354838709677418,-0.6580645161290322,0.1442624501612767,-9.994467628222003
6,25,-3.701895950598839,0.7730061349693251,-0.6257668711656441,0.09328381746624892,-9.825531202324237
6,26,-3.660872432743855,0.8032596041909196,-0.5937136204889406,0.042690936939460467,-9.659166271196096
6,27,-3.6206589412512473,0.8269018743109151,-0.5622932745314222,-0.006902966192943172,-9.49733663214425
6,28,-3.5816370382708906,0.8446298227320125,-0.5318039624608968,-0.05502732457663717,-9.341485660981862
6,29,-3.5440849258006693,0.8571428571428572,-0.5024630541871921,-0.10133904134481808,-9.192605516625168
7,1,-3.6051324268714606,-0.8737864077669902,-0.4854368932038835,-0.026051277407764584,-9.435185107654476
7,2,-3.6469777139690756,-0.8571428571428571,-0.5142857142857142,0.025555062599997513,-9.603110312498398
7,3,-3.6902748001632784,-0.8343409915356711,-0.5441354292623942,0.07895185603747745,-9.778272532450199
7,4,-3.7346271261125334,-0.8045977011494252,-0.5747126436781609,0.13365004003447012,-9.959191707569005
7,5,-3.7795058408562427,-0.7671601615074023,-0.6056527590847913,0.1889974010592016,-10.14379080924956
7,6,-3.824238556952271,-0.7213578500707213,-0.6364922206506365,0.2441647070197791,-10.329323617859217
7,7,-3.868006666330838,-0.6666666666666666,-0.6666666666666666,0.298142396999972,-10.512338189423588
7,8,-3.9098552701396723,-0.6027820710973725,-0.6955177743431221,0.3497528273925482,-10.688697764593828
7,9,-3.948719486013504,-0.5296950240770465,-0.7223113964686999,0.3976827157415358,-10.85368104493843
7,10,-3.9834695518929526,-0.4477611940298507,-0.7462686567164178,0.4405387657163763,-11.002178353027665
7,11,-4.012974548203544,-0.3577512776831346,-0.766609880749574,0.4769262534633282,-11.128987545578315
7,12,-4.036180869214787,-0.2608695652173913,-0.782608695652174,0.5055458036086481,-11.229193914774847
7,13,-4.052197459965639,-0.15873015873015875,-0.7936507936507936,0.5252985089999506,-11.29859501626213
7,14,-4.060376447249601,-0.05328596802841919,-0.7992895204262878,0.5353853701011931,-11.334110930644991
7,15,-4.060376447249601,0.05328596802841919,-0.7992895204262878,0.5353853701011931,-11.334110930644991
7,16,-4.052197459965639,0.15873015873015875,-0.7936507936507936,0.5252985089999506,-11.29859501626213
7,17,-4.036180869214787,0.2608695652173913,-0.782608695652174,0.5055458036086481,-11.229193914774847
7,18,-4.012974548203544,0.3577512776831346,-0.766609880749574,0.4769262534633282,-11.128987545578315
7,19,-3.9834695518929526,0.4477611940298507,-0.7462686567164178,0.4405387657163763,-11.002178353027665
7,20,-3.948719486013504,0.5296950240770465,-0.7223113964686999,0.3976827157415358,-10.85368104493843
7,21,-3.9098552701396723,0.6027820710973725,-0.6955177743431221,0.3497528273925482,-10.688697764593828
7,22,-3.868006666330838,0.6666666666666666,-0.6666666666666666,0.298142396999972,-10.512338189423588
7,23,-3.824238556952271,0.7213578500707213,-0.6364922206506365,0.2441647070197791,-10.329323617859217
7,24,-3.7795058408562427,0.7671601615074023,-0.6056527590847913,0.1889974010592016,-10.14379080924956
7,25,-3.7346271261125334,0.8045977011494252,-0.5747126436781609,0.13365004003447012,-9.959191707569005
7,26,-3.6902748001632784,0.8343409915356711,-0.5441354292623942,0.07895185603747745,-9.778272532450199
7,27,-3.6469777139690756,0.8571428571428571,-0.5142857142857142,0.025555062599997513,-9.603110312498398
7,28,-3.6051324268714606,0.8737864077669902,-0.4854368932038835,-0.026051277407764584,-9.435185107654476
7,29,-3.5650193689681986,0.8850457782299085,-0.4577822990844354,-0.075521319280766,-9.275469640780411
8,1,-3.627062980775191,-0.9010011123470523,-0.43381535038932145,0.0009949134493880685,-9.523025297203947
8,2,-3.671637968984644,-0.8854781582054309,-0.460448642266824,0.05596769908263921,-9.702699667803367
8,3,-3.7179338169487908,-0.8635794743429286,-0.4881101376720901,0.11306276131538351,-9.890920707676106
8,4,-3.765542913580352,-0.8344370860927152,-0.5165562913907285,0.17177740754303017,-10.086192041224534
8,5,-3.8139086709975394,-0.7972027972027971,-0.5454545454545454,0.2314252172517265,-10.286343505021636
8,6,-3.8623100438472875,-0.7511045655375552,-0.5743740795287187,0.29111695023708595,-10.48843498544472
8,7,-3.9098552701396723,-0.6955177743431221,-0.6027820710973725,0.3497528273925482,-10.688697764593828
8,8,-3.955489854260776,-0.630048465266559,-0.630048465266559,0.40603237588202956,-10.882540326920063
8,9,-3.9980236971318748,-0.5546218487394958,-0.6554621848739496,0.45848788782348626,-11.064647167279967
8,10,-4.036180869214787,-0.4695652173913043,-0.6782608695652174,0.5055458036086479,-11.229193914774847
8,11,-4.068672486229933,-0.3756708407871198,-0.6976744186046511,0.5456165869963706,-11.370187434946725
8,12,-4.09428859196628,-0.2742230347349177,-0.7129798903107861,0.5772080409926331,-11.481915196602571
8,13,-4.111999665691225,-0.16697588126159554,-0.7235621521335807,0.599050493415528,-11.559457903736138
8,14,-4.121053831417902,-0.056074766355140186,-0.7289719626168225,0.6102166817102229,-11.599191647424398
8,15,-4.121053831417902,0.056074766355140186,-0.7289719626168225,0.6102166817102229,-11.599191647424398
8,16,-4.111999665691225,0.16697588126159554,-0.7235621521335807,0.599050493415528,-11.559457903736138
8,17,-4.09428859196628,0.2742230347349177,-0.7129798903107861,0.5772080409926331,-11.481915196602571
8,18,-4.068672486229933,0.3756708407871198,-0.6976744186046511,0.5456165869963706,-11.370187434946725
8,19,-4.036180869214787,0.4695652173913043,-0.6782608695652174,0.5055458036086479,-11.229193914774847
8,20,-3.9980236971318748,0.5546218487394958,-0.6554621848739496,0.45848788782348626,-11.064647167279967
8,21,-3.955489854260776,0.630048465266559,-0.630048465266559,0.40603237588202956,-10.882540326920063
8,22,-3.9098552701396723,0.6955177743431221,-0.6027820710973725,0.3497528273925482,-10.688697764593828
8,23,-3.8623100438472875,0.7511045655375552,-0.5743740795287187,0.29111695023708595,-10.48843498544472
8,24,-3.8139086709975394,0.7972027972027971,-0.5454545454545454,0.2314252172517265,-10.286343505021636
8,25,-3.765542913580352,0.8344370860927152,-0.5165562913907285,0.17177740754303017,-10.086192041224534
8,26,-3.7179338169487908,0.8635794743429286,-0.4881101376720901,0.11306276131538351,-9.890920707676106
8,27,-3.671637968984644,0.8854781582054309,-0.460448642266824,0.05596769908263921,-9.702699667803367
8,28,-3.627062980775191,0.9010011123470523,-0.43381535038932145,0.0009949134493880685,-9.523025297203947
8,29,-3.5844878530919284,0.9109947643979057,-0.4083769633507853,-0.051511513617796156,-9.352832164915576
9,1,-3.646977713969076,-0.9257142857142857,-0.3771428571428571,0.025555062599997624,-9.603110312498401
9,2,-3.694110862376718,-0.9113001215066828,-0.4009720534629404,0.08368273840460927,-9.793860865685515
9,3,-3.7432322577395207,-0.8903225806451612,-0.4258064516129032,0.14426245016127692,-9.994467628222003
9,4,-3.7939271952930382,-0.8618331053351573,-0.4514363885088919,0.20678275687959757,-10.203437316037148
9,5,-3.845615889680587,-0.8248914616497829,-0.47756874095513746,0.2705286294051844,-10.418528865395807
9,6,-3.8975334347761117,-0.7786259541984732,-0.5038167938931297,0.3345567355648541,-10.636631485546303
9,7,-3.948719486013504,-0.7223113964686999,-0.5296950240770465,0.3976827157415358,-10.85368104493843
9,8,-3.9980236971318748,-0.6554621848739496,-0.5546218487394958,0.45848788782348626,-11.064647167279967
9,9,-4.044133064447479,-0.5779334500875657,-0.5779334500875657,0.515352969945661,-11.263626834300094
9,10,-4.085625916160704,-0.4900181488203267,-0.5989110707803992,0.5665246636278959,-11.444075672023185
9,11,-4.121053831417902,-0.3925233644859813,-0.616822429906542,0.6102166817102229,-11.599191647424398
9,12,-4.149047303655068,-0.28680688336520077,-0.6309751434034417,0.6447400592867464,-11.72243650775953
9,13,-4.168434368570127,-0.1747572815533981,-0.6407766990291263,0.6686494534659565,-11.808142127701071
9,14,-4.178355537797696,-0.05870841487279844,-0.6457925636007829,0.6808848870821279,-11.852112556251633
9,15,-4.178355537797696,0.05870841487279844,-0.6457925636007829,0.6808848870821279,-11.852112556251633
9,16,-4.168434368570127,0.1747572815533981,-0.6407766990291263,0.6686494534659565,-11.808142127701071
9,17,-4.149047303655068,0.28680688336520077,-0.6309751434034417,0.6447400592867464,-11.72243650775953
9,18,-4.121053831417902,0.3925233644859813,-0.616822429906542,0.6102166817102229,-11.599191647424398
9,19,-4.085625916160704,0.4900181488203267,-0.5989110707803992,0.5665246636278959,-11.444075672023185
9,20,-4.044133064447479,0.5779334500875657,-0.5779334500875657,0.515352969945661,-11.263626834300094
9,21,-3.9980236971318748,0.6554621848739496,-0.5546218487394958,0.45848788782348626,-11.064647167279967
9,22,-3.948719486013504,0.7223113964686999,-0.5296950240770465,0.3976827157415358,-10.85368104493843
9,23,-3.8975334347761117,0.7786259541984732,-0.5038167938931297,0.3345567355648541,-10.636631485546303
9,24,-3.845615889680587,0.8248914616497829,-0.47756874095513746,0.2705286294051844,-10.418528865395807
9,25,-3.7939271952930382,0.8618331053351573,-0.4514363885088919,0.20678275687959757,-10.203437316037148
9,26,-3.7432322577395207,0.8903225806451612,-0.4258064516129032,0.14426245016127692,-9.994467628222003
9,27,-3.694110862376718,0.9113001215066828,-0.4009720534629404,0.08368273840460927,-9.793860865685515
9,28,-3.646977713969076,0.9257142857142857,-0.3771428571428571,0.025555062599997624,-9.603110312498401
9,29,-3.602107174767816,0.9344790547798066,-0.3544575725026852,-0.029782215812027335,-9.42309672113275
10,1,-3.664427368102899,-0.9473684210526315,-0.3157894736842105,0.04707511531578501,-9.673531815837428
10,2,-3.7138644330523984,-0.9339975093399749,-0.336239103362391,0.10804413141592983,-9.874310395643697
10,3,-3.765542913580352,-0.9139072847682118,-0.3576158940397351,0.17177740754303017,-10.086192041224534
10,4,-3.8190445566304474,-0.8860759493670886,-0.37974683544303794,0.23775912672149657,-10.307702451061914
10,5,-3.873771206817173,-0.8494783904619969,-0.4023845007451564,0.30525160467806345,-10.5365516665059
10,6,-3.9289201571391974,-0.8031496062992125,-0.42519685039370075,0.37326489073224833,-10.769486033612308
10,7,-3.9834695518929526,-0.7462686567164178,-0.4477611940298507,0.4405387657163763,-11.002178353027665
10,8,-4.036180869214787,-0.6782608695652174,-0.4695652173913043,0.5055458036086479,-11.229193914774847
10,9,-4.085625916160704,-0.5989110707803992,-0.4900181488203267,0.5665246636278959,-11.444075672023185
10,10,-4.130244406421064,-0.5084745762711863,-0.5084745762711863,0.6215510988304499,-11.639588194141124
10,11,-4.168434368570126,-0.40776699029126207,-0.524271844660194,0.6686494534659563,-11.808142127701068
10,12,-4.198671252120552,-0.2982107355864811,-0.536779324055666,0.7059395523398938,-11.942386517627
10,13,-4.2196436359972775,-0.18181818181818182,-0.5454545454545454,0.7318040653635675,-12.035909844470666
10,14,-4.230386109612342,-0.06109979633401222,-0.5498981670061099,0.7450523851710092,-12.083944757488892
10,15,-4.230386109612342,0.06109979633401222,-0.5498981670061099,0.7450523851710092,-12.083944757488892
10,16,-4.2196436359972775,0.18181818181818182,-0.5454545454545454,0.7318040653635675,-12.035909844470666
10,17,-4.198671252120552,0.2982107355864811,-0.536779324055666,0.7059395523398938,-11.942386517627
10,18,-4.168434368570126,0.40776699029126207,-0.524271844660194,0.6686494534659563,-11.808142127701068
10,19,-4.130244406421064,0.5084745762711863,-0.5084745762711863,0.6215510988304499,-11.639588194141124
10,20,-4.085625916160704,0.5989110707803992,-0.4900181488203267,0.5665246636278959,-11.444075672023185
10,21,-4.036180869214787,0.6782608695652174,-0.4695652173913043,0.5055458036086479,-11.229193914774847
10,22,-3.9834695518929526,0.7462686567164178,-0.4477611940298507,0.4405387657163763,-11.002178353027665
10,23,-3.9289201571391974,0.8031496062992125,-0.42519685039370075,0.37326489073224833,-10.769486033612308
10,24,-3.873771206817173,0.8494783904619969,-0.4023845007451564,0.30525160467806345,-10.5365516665059
10,25,-3.8190445566304474,0.8860759493670886,-0.37974683544303794,0.23775912672149657,-10.307702451061914
10,26,-3.765542913580352,0.9139072847682118,-0.3576158940397351,0.17177740754303017,-10.086192041224534
10,27,-3.7138644330523984,0.9339975093399749,-0.336239103362391,0.10804413141592983,-9.874310395643697
10,28,-3.664427368102899,0.9473684210526315,-0.3157894736842105,0.04707511531578501,-9.673531815837428
10,29,-3.6174990995761513,0.954994511525796,-0.296377607025247,-0.010799889243687133,-9.48467305607362
11,1,-3.67898607834566,-0.9654350417163289,-0.2502979737783075,0.06502986728366489,-9.732464705345581
11,2,-3.7303901648603635,-0.9529860228716645,-0.26683608640406603,0.12842474279922544,-9.941843512412518
11,3,-3.784260919833824,-0.9336941813261163,-0.28416779431664413,0.1948616748998463,-10.163440152683732
11,4,-3.840179280242127,-0.9064748201438848,-0.302158273381295,0.2638238477050111,-10.39580932521543
11,5,-3.8975334347761112,-0.8702290076335877,-0.32061068702290074,0.3345567355648539,-10.636631485546301
11,6,-3.955489854260776,-0.8239095315024232,-0.3392568659127625,0.40603237588202956,-10.882540326920063
11,7,-4.012974548203544,-0.766609880749574,-0.3577512776831346,0.4769262534633282,-11.128987545578315
11,8,-4.068672486229933,-0.6976744186046511,-0.3756708407871198,0.5456165869963706,-11.370187434946725
11,9,-4.121053831417902,-0.616822429906542,-0.3925233644859813,0.6102166817102229,-11.599191647424398
11,10,-4.168434368570126,-0.524271844660194,-0.40776699029126207,0.6686494534659563,-11.808142127701068
11,11,-4.2090733864081065,-0.42084168336673344,-0.42084168336673344,0.7187681434688701,-11.988731254469375
11,12,-4.241305050966463,-0.3080082135523614,-0.43121149897330596,0.7585183365153291,-12.132859270859145
11,13,-4.263690020506644,-0.18789144050104384,-0.4384133611691023,0.7861249424028486,-12.233424465309998
11,14,-4.275165262786715,-0.06315789473684211,-0.4421052631578947,0.8002769603683458,-12.285126075345268
11,15,-4.275165262786715,0.06315789473684211,-0.4421052631578947,0.8002769603683458,-12.285126075345268
11,16,-4.263690020506644,0.18789144050104384,-0.4384133611691023,0.7861249424028486,-12.233424465309998
11,17,-4.241305050966463,0.3080082135523614,-0.43121149897330596,0.7585183365153291,-12.132859270859145
11,18,-4.2090733864081065,0.42084168336673344,-0.42084168336673344,0.7187681434688701,-11.988731254469375
11,19,-4.168434368570126,0.524271844660194,-0.40776699029126207,0.6686494534659563,-11.808142127701068
11,20,-4.121053831417902,0.616822429906542,-0.3925233644859813,0.6102166817102229,-11.599191647424398
11,21,-4.068672486229933,0.6976744186046511,-0.3756708407871198,0.5456165869963706,-11.370187434946725
11,22,-4.012974548203544,0.766609880749574,-0.3577512776831346,0.4769262534633282,-11.128987545578315
11,23,-3.955489854260776,0.8239095315024232,-0.3392568659127625,0.40603237588202956,-10.882540326920063
11,24,-3.8975334347761112,0.8702290076335877,-0.32061068702290074,0.3345567355648539,-10.636631485546301
11,25,-3.840179280242127,0.9064748201438848,-0.302158273381295,0.2638238477050111,-10.39580932521543
11,26,-3.784260919833824,0.9336941813261163,-0.28416779431664413,0.1948616748998463,-10.163440152683732
11,27,-3.7303901648603635,0.9529860228716645,-0.26683608640406603,0.12842474279922544,-9.941843512412518
11,28,-3.67898607834566,0.9654350417163289,-0.2502979737783075,0.06502986728366489,-9.732464705345581
11,29,-3.6303079326457026,0.9720670391061452,-0.2346368715083799,0.004996799949720132,-9.536053828066615
12,1,-3.6902748001632784,-0.9794437726723096,-0.18137847642079805,0.07895185603747745,-9.778272532450197
12,2,-3.7432322577395207,-0.967741935483871,-0.19354838709677416,0.1442624501612767,-9.994467628222
12,3,-3.798840109711442,-0.9491059147180193,-0.2063273727647868,0.21284168369048906,-10.223793412428984
12,4,-3.8566801460780393,-0.9224011713030746,-0.21961932650073207,0.28417379274814325,-10.464836166735283
12,5,-3.916131166067458,-0.8864696734059098,-0.2332814930015552,0.35749267198596957,-10.715261420640083
12,6,-3.9763363423236293,-0.8401976935749589,-0.2471169686985173,0.43174162596865806,-10.971620640273402
12,7,-4.036180869214787,-0.782608695652174,-0.2608695652173913,0.5055458036086481,-11.229193914774847
12,8,-4.09428859196628,-0.7129798903107861,-0.2742230347349177,0.5772080409926331,-11.481915196602571
12,9,-4.149047303655068,-0.6309751434034417,-0.28680688336520077,0.6447400592867464,-11.72243650775953
12,10,-4.198671252120552,-0.536779324055666,-0.2982107355864811,0.7059395523398938,-11.942386517627
12,11,-4.241305050966463,-0.43121149897330596,-0.3080082135523614,0.7585183365153291,-12.132859270859145
12,12,-4.275165262786716,-0.31578947368421056,-0.31578947368421056,0.8002769603683461,-12.285126075345271
12,13,-4.298705481425492,-0.1927194860813705,-0.32119914346895073,0.8293082948671598,-12.391501820051998
12,14,-4.310780647573893,-0.06479481641468683,-0.32397408207343414,0.8442001781143916,-12.446232814036907
12,15,-4.310780647573893,0.06479481641468683,-0.32397408207343414,0.8442001781143916,-12.446232814036907
12,16,-4.298705481425492,0.1927194860813705,-0.32119914346895073,0.8293082948671598,-12.391501820051998
12,17,-4.275165262786716,0.31578947368421056,-0.31578947368421056,0.8002769603683461,-12.285126075345271
12,18,-4.241305050966463,0.43121149897330596,-0.3080082135523614,0.7585183365153291,-12.132859270859145
12,19,-4.198671252120552,0.536779324055666,-0.2982107355864811,0.7059395523398938,-11.942386517627
12,20,-4.149047303655068,0.6309751434034417,-0.28680688336520077,0.6447400592867464,-11.72243650775953
12,21,-4.09428859196628,0.7129798903107861,-0.2742230347349177,0.5772080409926331,-11.481915196602571
12,22,-4.036180869214787,0.782608695652174,-0.2608695652173913,0.5055458036086481,-11.229193914774847
12,23,-3.9763363423236293,0.8401976935749589,-0.2471169686985173,0.43174162596865806,-10.971620640273402
12,24,-3.916131166067458,0.8864696734059098,-0.2332814930015552,0.35749267198596957,-10.715261420640083
12,25,-3.8566801460780393,0.9224011713030746,-0.21961932650073207,0.28417379274814325,-10.464836166735283
12,26,-3.798840109711442,0.9491059147180193,-0.2063273727647868,0.21284168369048906,-10.223793412428984
12,27,-3.7432322577395207,0.967741935483871,-0.19354838709677416,0.1442624501612767,-9.994467628222
12,28,-3.6902748001632784,0.9794437726723096,-0.18137847642079805,0.07895185603747745,-9.778272532450197
12,29,-3.64021918428191,0.985277463193658,-0.16987542468856173,0.017220002544732327,-9.575897560668935
13,1,-3.6979843952833287,-0.989010989010989,-0.10989010989010989,0.08845983207691477,-9.809612895849833
13,2,-3.7520168966755456,-0.9778357235984354,-0.11734028683181225,0.1550962404211066,-10.030537890672335
13,3,-3.80882993012828,-0.9596662030598052,-0.12517385257301808,0.2251617824353057,-10.26524206630202
13,4,-3.868006666330838,-0.9333333333333332,-0.13333333333333333,0.298142396999972,-10.51233818942359
13,5,-3.9289201571391974,-0.8976377952755904,-0.14173228346456693,0.37326489073224833,-10.769486033612308
13,6,-3.9906980297036023,-0.8514190317195325,-0.15025041736227046,0.44945339647908955,-11.033183915695423
13,7,-4.052197459965639,-0.7936507936507936,-0.15873015873015875,0.5252985089999506,-11.29859501626213
13,8,-4.111999665691225,-0.7235621521335807,-0.16697588126159554,0.599050493415528,-11.559457903736138
13,9,-4.168434368570127,-0.6407766990291263,-0.1747572815533981,0.6686494534659565,-11.808142127701071
13,10,-4.2196436359972775,-0.5454545454545454,-0.18181818181818182,0.7318040653635675,-12.035909844470666
13,11,-4.263690020506644,-0.4384133611691023,-0.18789144050104384,0.7861249424028486,-12.233424465309998
13,12,-4.298705481425492,-0.32119914346895073,-0.1927194860813705,0.8293082948671598,-12.391501820051998
13,13,-4.323066274134466,-0.19607843137254902,-0.19607843137254902,0.8593516148822721,-12.502032274778905
13,14,-4.335567911711489,-0.06593406593406594,-0.19780219780219782,0.8747694505383793,-12.558931429269743
13,15,-4.335567911711489,0.06593406593406594,-0.19780219780219782,0.8747694505383793,-12.558931429269743
13,16,-4.323066274134466,0.19607843137254902,-0.19607843137254902,0.8593516148822721,-12.502032274778905
13,17,-4.298705481425492,0.32119914346895073,-0.1927194860813705,0.8293082948671598,-12.391501820051998
13,18,-4.263690020506644,0.4384133611691023,-0.18789144050104384,0.7861249424028486,-12.233424465309998
13,19,-4.2196436359972775,0.5454545454545454,-0.18181818181818182,0.7318040653635675,-12.035909844470666
13,20,-4.168434368570127,0.6407766990291263,-0.1747572815533981,0.6686494534659565,-11.808142127701071
13,21,-4.111999665691225,0.7235621521335807,-0.16697588126159554,0.599050493415528,-11.559457903736138
13,22,-4.052197459965639,0.7936507936507936,-0.15873015873015875,0.5252985089999506,-11.29859501626213
13,23,-3.9906980297036023,0.8514190317195325,-0.15025041736227046,0.44945339647908955,-11.033183915695423
13,24,-3.9289201571391974,0.8976377952755904,-0.14173228346456693,0.37326489073224833,-10.769486033612308
13,25,-3.868006666330838,0.9333333333333332,-0.13333333333333333,0.298142396999972,-10.51233818942359
13,26,-3.80882993012828,0.9596662030598052,-0.12517385257301808,0.2251617824353057,-10.26524206630202
13,27,-3.7520168966755456,0.9778357235984354,-0.11734028683181225,0.1550962404211066,-10.030537890672335
13,28,-3.6979843952833287,0.989010989010989,-0.10989010989010989,0.08845983207691477,-9.809612895849833
13,29,-3.646977713969076,0.9942857142857143,-0.10285714285714287,0.025555062599997624,-9.603110312498401
14,1,-3.701895950598839,-0.9938650306748467,-0.03680981595092025,0.09328381746624892,-9.825531202324237
14,2,-3.756478295873068,-0.982961992136304,-0.03931847968545216,0.16059832918347106,-10.048879285886695
14,3,-3.81390867099754,-0.965034965034965,-0.04195804195804196,0.2314252172517265,-10.28634350502164
14,4,-3.8737712068171732,-0.9388971684053651,-0.044709388971684055,0.30525160467806367,-10.536551666505902
14,5,-3.9354362595632297,-0.9033280507131537,-0.04754358161648177,0.3813009736592351,-10.797162093075565
14,6,-3.9980236971318748,-0.8571428571428571,-0.05042016806722689,0.45848788782348626,-11.064647167279967
14,7,-4.060376447249601,-0.7992895204262878,-0.05328596802841919,0.5353853701011931,-11.334110930644991
14,8,-4.121053831417902,-0.7289719626168225,-0.056074766355140186,0.6102166817102229,-11.599191647424398
14,9,-4.178355537797696,-0.6457925636007829,-0.05870841487279844,0.6808848870821279,-11.852112556251633
14,10,-4.230386109612342,-0.5498981670061099,-0.06109979633401222,0.7450523851710092,-12.083944757488892
14,11,-4.275165262786715,-0.4421052631578947,-0.06315789473684211,0.8002769603683458,-12.285126075345268
14,12,-4.310780647573893,-0.32397408207343414,-0.06479481641468683,0.8442001781143916,-12.446232814036907
14,13,-4.335567911711489,-0.19780219780219782,-0.06593406593406594,0.8747694505383793,-12.558931429269743
14,14,-4.348291307826464,-0.0665188470066519,-0.0665188470066519,0.8904607733014686,-12.616962721411893
14,15,-4.348291307826464,0.0665188470066519,-0.0665188470066519,0.8904607733014686,-12.616962721411893
14,16,-4.335567911711489,0.19780219780219782,-0.06593406593406594,0.8747694505383793,-12.558931429269743
14,17,-4.310780647573893,0.32397408207343414,-0.06479481641468683,0.8442001781143916,-12.446232814036907
14,18,-4.275165262786715,0.4421052631578947,-0.06315789473684211,0.8002769603683458,-12.285126075345268
14,19,-4.230386109612342,0.5498981670061099,-0.06109979633401222,0.7450523851710092,-12.083944757488892
14,20,-4.178355537797696,0.6457925636007829,-0.05870841487279844,0.6808848870821279,-11.852112556251633
14,21,-4.121053831417902,0.7289719626168225,-0.056074766355140186,0.6102166817102229,-11.599191647424398
14,22,-4.060376447249601,0.7992895204262878,-0.05328596802841919,0.5353853701011931,-11.334110930644991
14,23,-3.9980236971318748,0.8571428571428571,-0.05042016806722689,0.45848788782348626,-11.064647167279967
14,24,-3.9354362595632297,0.9033280507131537,-0.04754358161648177,0.3813009736592351,-10.797162093075565
14,25,-3.8737712068171732,0.9388971684053651,-0.044709388971684055,0.30525160467806367,-10.536551666505902
14,26,-3.81390867099754,0.965034965034965,-0.04195804195804196,0.2314252172517265,-10.28634350502164
14,27,-3.756478295873068,0.982961992136304,-0.03931847968545216,0.16059832918347106,-10.048879285886695
14,28,-3.701895950598839,0.9938650306748467,-0.03680981595092025,0.09328381746624892,-9.825531202324237
14,29,-3.6504035358483913,0.9988518943742825,-0.034443168771526984,0.029780009803671126,-9.616917500842776
15,1,-3.701895950598839,-0.9938650306748467,0.03680981595092025,0.09328381746624892,-9.825531202324237
15,2,-3.756478295873068,-0.982961992136304,0.03931847968545216,0.16059832918347106,-10.048879285886695
15,3,-3.81390867099754,-0.965034965034965,0.04195804195804196,0.2314252172517265,-10.28634350502164
15,4,-3.8737712068171732,-0.9388971684053651,0.044709388971684055,0.30525160467806367,-10.536551666505902
15,5,-3.9354362595632297,-0.9033280507131537,0.04754358161648177,0.3813009736592351,-10.797162093075565
15,6,-3.9980236971318748,-0.8571428571428571,0.05042016806722689,0.45848788782348626,-11.064647167279967
15,7,-4.060376447249601,-0.7992895204262878,0.05328596802841919,0.5353853701011931,-11.334110930644991
15,8,-4.121053831417902,-0.7289719626168225,0.056074766355140186,0.6102166817102229,-11.599191647424398
15,9,-4.178355537797696,-0.6457925636007829,0.05870841487279844,0.6808848870821279,-11.852112556251633
15,10,-4.230386109612342,-0.5498981670061099,0.06109979633401222,0.7450523851710092,-12.083944757488892
15,11,-4.275165262786715,-0.4421052631578947,0.06315789473684211,0.8002769603683458,-12.285126075345268
15,12,-4.310780647573893,-0.32397408207343414,0.06479481641468683,0.8442001781143916,-12.446232814036907
15,13,-4.335567911711489,-0.19780219780219782,0.06593406593406594,0.8747694505383793,-12.558931429269743
15,14,-4.348291307826464,-0.0665188470066519,0.0665188470066519,0.8904607733014686,-12.616962721411893
15,15,-4.348291307826464,0.0665188470066519,0.0665188470066519,0.8904607733014686,-12.616962721411893
15,16,-4.335567911711489,0.19780219780219782,0.06593406593406594,0.8747694505383793,-12.558931429269743
15,17,-4.310780647573893,0.32397408207343414,0.06479481641468683,0.8442001781143916,-12.446232814036907
15,18,-4.275165262786715,0.4421052631578947,0.06315789473684211,0.8002769603683458,-12.285126075345268
15,19,-4.230386109612342,0.5498981670061099,0.06109979633401222,0.7450523851710092,-12.083944757488892
15,20,-4.178355537797696,0.6457925636007829,0.05870841487279844,0.6808848870821279,-11.852112556251633
15,21,-4.121053831417902,0.7289719626168225,0.056074766355140186,0.6102166817102229,-11.599191647424398
15,22,-4.060376447249601,0.7992895204262878,0.05328596802841919,0.5353853701011931,-11.334110930644991
15,23,-3.9980236971318748,0.8571428571428571,0.05042016806722689,0.45848788782348626,-11.064647167279967
15,24,-3.9354362595632297,0.9033280507131537,0.04754358161648177,0.3813009736592351,-10.797162093075565
15,25,-3.8737712068171732,0.9388971684053651,0.044709388971684055,0.30525160467806367,-10.536551666505902
15,26,-3.81390867099754,0.965034965034965,0.04195804195804196,0.2314252172517265,-10.28634350502164
15,27,-3.756478295873068,0.982961992136304,0.03931847968545216,0.16059832918347106,-10.048879285886695
15,28,-3.701895950598839,0.9938650306748467,0.03680981595092025,0.09328381746624892,-9.825531202324237
15,29,-3.6504035358483913,0.9988518943742825,0.034443168771526984,0.029780009803671126,-9.616917500842776
16,1,-3.6979843952833287,-0.989010989010989,0.10989010989010989,0.08845983207691477,-9.809612895849833
16,2,-3.7520168966755456,-0.9778357235984354,0.11734028683181225,0.1550962404211066,-10.030537890672335
16,3,-3.80882993012828,-0.9596662030598052,0.12517385257301808,0.2251617824353057,-10.26524206630202
16,4,-3.868006666330838,-0.9333333333333332,0.13333333333333333,0.298142396999972,-10.51233818942359
16,5,-3.9289201571391974,-0.8976377952755904,0.14173228346456693,0.37326489073224833,-10.769486033612308
16,6,-3.9906980297036023,-0.8514190317195325,0.15025041736227046,0.44945339647908955,-11.033183915695423
16,7,-4.052197459965639,-0.7936507936507936,0.15873015873015875,0.5252985089999506,-11.29859501626213
16,8,-4.111999665691225,-0.7235621521335807,0.16697588126159554,0.599050493415528,-11.559457903736138
16,9,-4.168434368570127,-0.6407766990291263,0.1747572815533981,0.6686494534659565,-11.808142127701071
16,10,-4.2196436359972775,-0.5454545454545454,0.18181818181818182,0.7318040653635675,-12.035909844470666
16,11,-4.263690020506644,-0.4384133611691023,0.18789144050104384,0.7861249424028486,-12.233424465309998
16,12,-4.298705481425492,-0.32119914346895073,0.1927194860813705,0.8293082948671598,-12.391501820051998
16,13,-4.323066274134466,-0.19607843137254902,0.19607843137254902,0.8593516148822721,-12.502032274778905
16,14,-4.335567911711489,-0.06593406593406594,0.19780219780219782,0.8747694505383793,-12.558931429269743
16,15,-4.335567911711489,0.06593406593406594,0.19780219780219782,0.8747694505383793,-12.558931429269743
16,16,-4.323066274134466,0.19607843137254902,0.19607843137254902,0.8593516148822721,-12.502032274778905
16,17,-4.298705481425492,0.32119914346895073,0.1927194860813705,0.8293082948671598,-12.391501820051998
16,18,-4.263690020506644,0.4384133611691023,0.18789144050104384,0.7861249424028486,-12.233424465309998
16,19,-4.2196436359972775,0.5454545454545454,0.18181818181818182,0.7318040653635675,-12.035909844470666
16,20,-4.168434368570127,0.6407766990291263,0.1747572815533981,0.6686494534659565,-11.808142127701071
16,21,-4.111999665691225,0.7235621521335807,0.16697588126159554,0.599050493415528,-11.559457903736138
16,22,-4.052197459965639,0.7936507936507936,0.15873015873015875,0.5252985089999506,-11.29859501626213
16,23,-3.9906980297036023,0.8514190317195325,0.15025041736227046,0.44945339647908955,-11.033183915695423
16,24,-3.9289201571391974,0.8976377952755904,0.14173228346456693,0.37326489073224833,-10.769486033612308
16,25,-3.868006666330838,0.9333333333333332,0.13333333333333333,0.298142396999972,-10.51233818942359
16,26,-3.80882993012828,0.9596662030598052,0.12517385257301808,0.2251617824353057,-10.26524206630202
16,27,-3.7520168966755456,0.9778357235984354,0.11734028683181225,0.1550962404211066,-10.030537890672335
16,28,-3.6979843952833287,0.989010989010989,0.10989010989010989,0.08845983207691477,-9.809612895849833
16,29,-3.646977713969076,0.9942857142857143,0.10285714285714287,0.025555062599997624,-9.603110312498401
17,1,-3.6902748001632784,-0.9794437726723096,0.18137847642079805,0.07895185603747745,-9.778272532450197
17,2,-3.7432322577395207,-0.967741935483871,0.19354838709677416,0.1442624501612767,-9.994467628222
17,3,-3.798840109711442,-0.9491059147180193,0.2063273727647868,0.21284168369048906,-10.223793412428984
17,4,-3.8566801460780393,-0.9224011713030746,0.21961932650073207,0.28417379274814325,-10.464836166735283
17,5,-3.916131166067458,-0.8864696734059098,0.2332814930015552,0.35749267198596957,-10.715261420640083
17,6,-3.9763363423236293,-0.8401976935749589,0.2471169686985173,0.43174162596865806,-10.971620640273402
17,7,-4.036180869214787,-0.782608695652174,0.2608695652173913,0.5055458036086481,-11.229193914774847
17,8,-4.09428859196628,-0.7129798903107861,0.2742230347349177,0.5772080409926331,-11.481915196602571
17,9,-4.149047303655068,-0.6309751434034417,0.28680688336520077,0.6447400592867464,-11.72243650775953
17,10,-4.198671252120552,-0.536779324055666,0.2982107355864811,0.7059395523398938,-11.942386517627
17,11,-4.241305050966463,-0.43121149897330596,0.3080082135523614,0.7585183365153291,-12.132859270859145
17,12,-4.275165262786716,-0.31578947368421056,0.31578947368421056,0.8002769603683461,-12.285126075345271
17,13,-4.298705481425492,-0.1927194860813705,0.32119914346895073,0.8293082948671598,-12.391501820051998
17,14,-4.310780647573893,-0.06479481641468683,0.32397408207343414,0.8442001781143916,-12.446232814036907
17,15,-4.310780647573893,0.06479481641468683,0.32397408207343414,0.8442001781143916,-12.446232814036907
17,16,-4.298705481425492,0.1927194860813705,0.32119914346895073,0.8293082948671598,-12.391501820051998
17,17,-4.275165262786716,0.31578947368421056,0.31578947368421056,0.8002769603683461,-12.285126075345271
17,18,-4.241305050966463,0.43121149897330596,0.3080082135523614,0.7585183365153291,-12.132859270859145
17,19,-4.198671252120552,0.536779324055666,0.2982107355864811,0.7059395523398938,-11.942386517627
17,20,-4.149047303655068,0.6309751434034417,0.28680688336520077,0.6447400592867464,-11.72243650775953
17,21,-4.09428859196628,0.7129798903107861,0.2742230347349177,0.5772080409926331,-11.481915196602571
17,22,-4.036180869214787,0.782608695652174,0.2608695652173913,0.5055458036086481,-11.229193914774847
17,23,-3.9763363423236293,0.8401976935749589,0.2471169686985173,0.43174162596865806,-10.971620640273402
17,24,-3.916131166067458,0.8864696734059098,0.2332814930015552,0.35749267198596957,-10.715261420640083
17,25,-3.8566801460780393,0.9224011713030746,0.21961932650073207,0.28417379274814325,-10.464836166735283
17,26,-3.798840109711442,0.9491059147180193,0.2063273727647868,0.21284168369048906,-10.223793412428984
17,27,-3.7432322577395207,0.967741935483871,0.19354838709677416,0.1442624501612767,-9.994467628222
17,28,-3.6902748001632784,0.9794437726723096,0.18137847642079805,0.07895185603747745,-9.778272532450197
17,29,-3.64021918428191,0.985277463193658,0.16987542468856173,0.017220002544732327,-9.575897560668935
18,1,-3.67898607834566,-0.9654350417163289,0.2502979737783075,0.06502986728366489,-9.732464705345581
18,2,-3.7303901648603635,-0.9529860228716645,0.26683608640406603,0.12842474279922544,-9.941843512412518
18,3,-3.784260919833824,-0.9336941813261163,0.28416779431664413,0.1948616748998463,-10.163440152683732
18,4,-3.840179280242127,-0.9064748201438848,0.302158273381295,0.2638238477050111,-10.39580932521543
18,5,-3.8975334347761112,-0.8702290076335877,0.32061068702290074,0.3345567355648539,-10.636631485546301
18,6,-3.955489854260776,-0.8239095315024232,0.3392568659127625,0.40603237588202956,-10.882540326920063
18,7,-4.012974548203544,-0.766609880749574,0.3577512776831346,0.4769262534633282,-11.128987545578315
18,8,-4.068672486229933,-0.6976744186046511,0.3756708407871198,0.5456165869963706,-11.370187434946725
18,9,-4.121053831417902,-0.616822429906542,0.3925233644859813,0.6102166817102229,-11.599191647424398
18,10,-4.168434368570126,-0.524271844660194,0.40776699029126207,0.6686494534659563,-11.808142127701068
18,11,-4.2090733864081065,-0.42084168336673344,0.42084168336673344,0.7187681434688701,-11.988731254469375
18,12,-4.241305050966463,-0.3080082135523614,0.43121149897330596,0.7585183365153291,-12.132859270859145
18,13,-4.263690020506644,-0.18789144050104384,0.4384133611691023,0.7861249424028486,-12.233424465309998
18,14,-4.275165262786715,-0.06315789473684211,0.4421052631578947,0.8002769603683458,-12.285126075345268
18,15,-4.275165262786715,0.06315789473684211,0.4421052631578947,0.8002769603683458,-12.285126075345268
18,16,-4.263690020506644,0.18789144050104384,0.4384133611691023,0.7861249424028486,-12.233424465309998
18,17,-4.241305050966463,0.3080082135523614,0.43121149897330596,0.7585183365153291,-12.132859270859145
18,18,-4.2090733864081065,0.42084168336673344,0.42084168336673344,0.7187681434688701,-11.988731254469375
18,19,-4.168434368570126,0.524271844660194,0.40776699029126207,0.6686494534659563,-11.808142127701068
18,20,-4.121053831417902,0.616822429906542,0.3925233644859813,0.6102166817102229,-11.599191647424398
18,21,-4.068672486229933,0.6976744186046511,0.3756708407871198,0.5456165869963706,-11.370187434946725
18,22,-4.012974548203544,0.766609880749574,0.3577512776831346,0.4769262534633282,-11.128987545578315
18,23,-3.955489854260776,0.8239095315024232,0.3392568659127625,0.40603237588202956,-10.882540326920063
18,24,-3.8975334347761112,0.8702290076335877,0.32061068702290074,0.3345567355648539,-10.636631485546301
18,25,-3.840179280242127,0.9064748201438848,0.302158273381295,0.2638238477050111,-10.39580932521543
18,26,-3.784260919833824,0.9336941813261163,0.28416779431664413,0.1948616748998463,-10.163440152683732
18,27,-3.7303901648603635,0.9529860228716645,0.26683608640406603,0.12842474279922544,-9.941843512412518
18,28,-3.67898607834566,0.9654350417163289,0.2502979737783075,0.06502986728366489,-9.732464705345581
18,29,-3.6303079326457026,0.9720670391061452,0.2346368715083799,0.004996799949720132,-9.536053828066615
19,1,-3.664427368102899,-0.9473684210526315,0.3157894736842105,0.04707511531578501,-9.673531815837428
19,2,-3.7138644330523984,-0.9339975093399749,0.336239103362391,0.10804413141592983,-9.874310395643697
19,3,-3.765542913580352,-0.9139072847682118,0.3576158940397351,0.17177740754303017,-10.086192041224534
19,4,-3.8190445566304474,-0.8860759493670886,0.37974683544303794,0.23775912672149657,-10.307702451061914
19,5,-3.873771206817173,-0.8494783904619969,0.4023845007451564,0.30525160467806345,-10.5365516665059
19,6,-3.9289201571391974,-0.8031496062992125,0.42519685039370075,0.37326489073224833,-10.769486033612308
19,7,-3.9834695518929526,-0.7462686567164178,0.4477611940298507,0.4405387657163763,-11.002178353027665
19,8,-4.036180869214787,-0.6782608695652174,0.4695652173913043,0.5055458036086479,-11.229193914774847
19,9,-4.085625916160704,-0.5989110707803992,0.4900181488203267,0.5665246636278959,-11.444075672023185
19,10,-4.130244406421064,-0.5084745762711863,0.5084745762711863,0.6215510988304499,-11.639588194141124
19,11,-4.168434368570126,-0.40776699029126207,0.524271844660194,0.6686494534659563,-11.808142127701068
19,12,-4.198671252120552,-0.2982107355864811,0.536779324055666,0.7059395523398938,-11.942386517627
19,13,-4.2196436359972775,-0.18181818181818182,0.5454545454545454,0.7318040653635675,-12.035909844470666
19,14,-4.230386109612342,-0.06109979633401222,0.5498981670061099,0.7450523851710092,-12.083944757488892
19,15,-4.230386109612342,0.06109979633401222,0.5498981670061099,0.7450523851710092,-12.083944757488892
19,16,-4.2196436359972775,0.18181818181818182,0.5454545454545454,0.7318040653635675,-12.035909844470666
19,17,-4.198671252120552,0.2982107355864811,0.536779324055666,0.7059395523398938,-11.942386517627
19,18,-4.168434368570126,0.40776699029126207,0.524271844660194,0.6686494534659563,-11.808142127701068
19,19,-4.130244406421064,0.5084745762711863,0.5084745762711863,0.6215510988304499,-11.639588194141124
19,20,-4.085625916160704,0.5989110707803992,0.4900181488203267,0.5665246636278959,-11.444075672023185
19,21,-4.036180869214787,0.6782608695652174,0.4695652173913043,0.5055458036086479,-11.229193914774847
19,22,-3.9834695518929526,0.7462686567164178,0.4477611940298507,0.4405387657163763,-11.002178353027665
19,23,-3.9289201571391974,0.8031496062992125,0.42519685039370075,0.37326489073224833,-10.769486033612308
19,24,-3.873771206817173,0.8494783904619969,0.4023845007451564,0.30525160467806345,-10.5365516665059
19,25,-3.8190445566304474,0.8860759493670886,0.37974683544303794,0.23775912672149657,-10.307702451061914
19,26,-3.765542913580352,0.9139072847682118,0.3576158940397351,0.17177740754303017,-10.086192041224534
19,27,-3.7138644330523984,0.9339975093399749,0.336239103362391,0.10804413141592983,-9.874310395643697
19,28,-3.664427368102899,0.9473684210526315,0.3157894736842105,0.04707511531578501,-9.673531815837428
19,29,-3.6174990995761513,0.954994511525796,0.296377607025247,-0.010799889243687133,-9.48467305607362
20,1,-3.646977713969076,-0.9257142857142857,0.3771428571428571,0.025555062599997624,-9.603110312498401
20,2,-3.694110862376718,-0.9113001215066828,0.4009720534629404,0.08368273840460927,-9.793860865685515
20,3,-3.7432322577395207,-0.8903225806451612,0.4258064516129032,0.14426245016127692,-9.994467628222003
20,4,-3.7939271952930382,-0.8618331053351573,0.4514363885088919,0.20678275687959757,-10.203437316037148
20,5,-3.845615889680587,-0.8248914616497829,0.47756874095513746,0.2705286294051844,-10.418528865395807
20,6,-3.8975334347761117,-0.7786259541984732,0.5038167938931297,0.3345567355648541,-10.636631485546303
20,7,-3.948719486013504,-0.7223113964686999,0.5296950240770465,0.3976827157415358,-10.85368104493843
20,8,-3.9980236971318748,-0.6554621848739496,0.5546218487394958,0.45848788782348626,-11.064647167279967
20,9,-4.044133064447479,-0.5779334500875657,0.5779334500875657,0.515352969945661,-11.263626834300094
20,10,-4.085625916160704,-0.4900181488203267,0.5989110707803992,0.5665246636278959,-11.444075672023185
20,11,-4.121053831417902,-0.3925233644859813,0.616822429906542,0.6102166817102229,-11.599191647424398
20,12,-4.149047303655068,-0.28680688336520077,0.6309751434034417,0.6447400592867464,-11.72243650775953
20,13,-4.168434368570127,-0.1747572815533981,0.6407766990291263,0.6686494534659565,-11.808142127701071
20,14,-4.178355537797696,-0.05870841487279844,0.6457925636007829,0.6808848870821279,-11.852112556251633
20,15,-4.178355537797696,0.05870841487279844,0.6457925636007829,0.6808848870821279,-11.852112556251633
20,16,-4.168434368570127,0.1747572815533981,0.6407766990291263,0.6686494534659565,-11.808142127701071
20,17,-4.149047303655068,0.28680688336520077,0.6309751434034417,0.6447400592867464,-11.72243650775953
20,18,-4.121053831417902,0.3925233644859813,0.616822429906542,0.6102166817102229,-11.599191647424398
20,19,-4.085625916160704,0.4900181488203267,0.5989110707803992,0.5665246636278959,-11.444075672023185
20,20,-4.044133064447479,0.5779334500875657,0.5779334500875657,0.515352969945661,-11.263626834300094
20,21,-3.9980236971318748,0.6554621848739496,0.5546218487394958,0.45848788782348626,-11.064647167279967
20,22,-3.948719486013504,0.7223113964686999,0.5296950240770465,0.3976827157415358,-10.85368104493843
20,23,-3.8975334347761117,0.7786259541984732,0.5038167938931297,0.3345567355648541,-10.636631485546303
20,24,-3.845615889680587,0.8248914616497829,0.47756874095513746,0.2705286294051844,-10.418528865395807
20,25,-3.7939271952930382,0.8618331053351573,0.4514363885088919,0.20678275687959757,-10.203437316037148
20,26,-3.7432322577395207,0.8903225806451612,0.4258064516129032,0.14426245016127692,-9.994467628222003
20,27,-3.694110862376718,0.9113001215066828,0.4009720534629404,0.08368273840460927,-9.793860865685515
20,28,-3.646977713969076,0.9257142857142857,0.3771428571428571,0.025555062599997624,-9.603110312498401
20,29,-3.602107174767816,0.9344790547798066,0.3544575725026852,-0.029782215812027335,-9.42309672113275
21,1,-3.627062980775191,-0.9010011123470523,0.43381535038932145,0.0009949134493880685,-9.523025297203947
21,2,-3.671637968984644,-0.8854781582054309,0.460448642266824,0.05596769908263921,-9.702699667803367
21,3,-3.7179338169487908,-0.8635794743429286,0.4881101376720901,0.11306276131538351,-9.890920707676106
21,4,-3.765542913580352,-0.8344370860927152,0.5165562913907285,0.17177740754303017,-10.086192041224534
21,5,-3.8139086709975394,-0.7972027972027971,0.5454545454545454,0.2314252172517265,-10.286343505021636
21,6,-3.8623100438472875,-0.7511045655375552,0.5743740795287187,0.29111695023708595,-10.48843498544472
21,7,-3.9098552701396723,-0.6955177743431221,0.6027820710973725,0.3497528273925482,-10.688697764593828
21,8,-3.955489854260776,-0.630048465266559,0.630048465266559,0.40603237588202956,-10.882540326920063
21,9,-3.9980236971318748,-0.5546218487394958,0.6554621848739496,0.45848788782348626,-11.064647167279967
21,10,-4.036180869214787,-0.4695652173913043,0.6782608695652174,0.5055458036086479,-11.229193914774847
21,11,-4.068672486229933,-0.3756708407871198,0.6976744186046511,0.5456165869963706,-11.370187434946725
21,12,-4.09428859196628,-0.2742230347349177,0.7129798903107861,0.5772080409926331,-11.481915196602571
21,13,-4.111999665691225,-0.16697588126159554,0.7235621521335807,0.599050493415528,-11.559457903736138
21,14,-4.121053831417902,-0.056074766355140186,0.7289719626168225,0.6102166817102229,-11.599191647424398
21,15,-4.121053831417902,0.056074766355140186,0.7289719626168225,0.6102166817102229,-11.599191647424398
21,16,-4.111999665691225,0.16697588126159554,0.7235621521335807,0.599050493415528,-11.559457903736138
21,17,-4.09428859196628,0.2742230347349177,0.7129798903107861,0.5772080409926331,-11.481915196602571
21,18,-4.068672486229933,0.3756708407871198,0.6976744186046511,0.5456165869963706,-11.370187434946725
21,19,-4.036180869214787,0.4695652173913043,0.6782608695652174,0.5055458036086479,-11.229193914774847
21,20,-3.9980236971318748,0.5546218487394958,0.6554621848739496,0.45848788782348626,-11.064647167279967
21,21,-3.955489854260776,0.630048465266559,0.630048465266559,0.40603237588202956,-10.882540326920063
21,22,-3.9098552701396723,0.6955177743431221,0.6027820710973725,0.3497528273925482,-10.688697764593828
21,23,-3.8623100438472875,0.7511045655375552,0.5743740795287187,0.29111695023708595,-10.48843498544472
21,24,-3.8139086709975394,0.7972027972027971,0.5454545454545454,0.2314252172517265,-10.286343505021636
21,25,-3.765542913580352,0.8344370860927152,0.5165562913907285,0.17177740754303017,-10.086192041224534
21,26,-3.7179338169487908,0.8635794743429286,0.4881101376720901,0.11306276131538351,-9.890920707676106
21,27,-3.671637968984644,0.8854781582054309,0.460448642266824,0.05596769908263921,-9.702699667803367
21,28,-3.627062980775191,0.9010011123470523,0.43381535038932145,0.0009949134493880685,-9.523025297203947
21,29,-3.5844878530919284,0.9109947643979057,0.4083769633507853,-0.051511513617796156,-9.352832164915576
22,1,-3.6051324268714606,-0.8737864077669902,0.4854368932038835,-0.026051277407764584,-9.435185107654476
22,2,-3.6469777139690756,-0.8571428571428571,0.5142857142857142,0.025555062599997513,-9.603110312498398
22,3,-3.6902748001632784,-0.8343409915356711,0.5441354292623942,0.07895185603747745,-9.778272532450199
22,4,-3.7346271261125334,-0.8045977011494252,0.5747126436781609,0.13365004003447012,-9.959191707569005
22,5,-3.7795058408562427,-0.7671601615074023,0.6056527590847913,0.1889974010592016,-10.14379080924956
22,6,-3.824238556952271,-0.7213578500707213,0.6364922206506365,0.2441647070197791,-10.329323617859217
22,7,-3.868006666330838,-0.6666666666666666,0.6666666666666666,0.298142396999972,-10.512338189423588
22,8,-3.9098552701396723,-0.6027820710973725,0.6955177743431221,0.3497528273925482,-10.688697764593828
22,9,-3.948719486013504,-0.5296950240770465,0.7223113964686999,0.3976827157415358,-10.85368104493843
22,10,-3.9834695518929526,-0.4477611940298507,0.7462686567164178,0.4405387657163763,-11.002178353027665
22,11,-4.012974548203544,-0.3577512776831346,0.766609880749574,0.4769262534633282,-11.128987545578315
22,12,-4.036180869214787,-0.2608695652173913,0.782608695652174,0.5055458036086481,-11.229193914774847
22,13,-4.052197459965639,-0.15873015873015875,0.7936507936507936,0.5252985089999506,-11.29859501626213
22,14,-4.060376447249601,-0.05328596802841919,0.7992895204262878,0.5353853701011931,-11.334110930644991
22,15,-4.060376447249601,0.05328596802841919,0.7992895204262878,0.5353853701011931,-11.334110930644991
22,16,-4.052197459965639,0.15873015873015875,0.7936507936507936,0.5252985089999506,-11.29859501626213
22,17,-4.036180869214787,0.2608695652173913,0.782608695652174,0.5055458036086481,-11.229193914774847
22,18,-4.012974548203544,0.3577512776831346,0.766609880749574,0.4769262534633282,-11.128987545578315
22,19,-3.9834695518929526,0.4477611940298507,0.7462686567164178,0.4405387657163763,-11.002178353027665
22,20,-3.948719486013504,0.5296950240770465,0.7223113964686999,0.3976827157415358,-10.85368104493843
22,21,-3.9098552701396723,0.6027820710973725,0.6955177743431221,0.3497528273925482,-10.688697764593828
22,22,-3.868006666330838,0.6666666666666666,0.6666666666666666,0.298142396999972,-10.512338189423588
22,23,-3.824238556952271,0.7213578500707213,0.6364922206506365,0.2441647070197791,-10.329323617859217
22,24,-3.7795058408562427,0.7671601615074023,0.6056527590847913,0.1889974010592016,-10.14379080924956
22,25,-3.7346271261125334,0.8045977011494252,0.5747126436781609,0.13365004003447012,-9.959191707569005
22,26,-3.6902748001632784,0.8343409915356711,0.5441354292623942,0.07895185603747745,-9.778272532450199
22,27,-3.6469777139690756,0.8571428571428571,0.5142857142857142,0.025555062599997513,-9.603110312498398
22,28,-3.6051324268714606,0.8737864077669902,0.4854368932038835,-0.026051277407764584,-9.435185107654476
22,29,-3.5650193689681986,0.8850457782299085,0.4577822990844354,-0.075521319280766,-9.275469640780411
23,1,-3.5816370382708906,-0.8446298227320125,0.5318039624608968,-0.05502732457663717,-9.341485660981862
23,2,-3.6206589412512473,-0.8269018743109151,0.5622932745314222,-0.006902966192943172,-9.49733663214425
23,3,-3.660872432743855,-0.8032596041909196,0.5937136204889406,0.042690936939460467,-9.659166271196096
23,4,-3.701895950598839,-0.7730061349693251,0.6257668711656441,0.09328381746624892,-9.825531202324237
23,5,-3.7432322577395207,-0.7354838709677418,0.6580645161290322,0.1442624501612767,-9.994467628222003
23,6,-3.784260919833824,-0.6901217861975643,0.6901217861975643,0.1948616748998463,-10.163440152683732
23,7,-3.824238556952271,-0.6364922206506365,0.7213578500707213,0.2441647070197791,-10.329323617859217
23,8,-3.8623100438472875,-0.5743740795287187,0.7511045655375552,0.29111695023708595,-10.48843498544472
23,9,-3.8975334347761117,-0.5038167938931297,0.7786259541984732,0.3345567355648541,-10.636631485546303
23,10,-3.9289201571391974,-0.42519685039370075,0.8031496062992125,0.37326489073224833,-10.769486033612308
23,11,-3.955489854260776,-0.3392568659127625,0.8239095315024232,0.40603237588202956,-10.882540326920063
23,12,-3.9763363423236293,-0.2471169686985173,0.8401976935749589,0.43174162596865806,-10.971620640273402
23,13,-3.9906980297036023,-0.15025041736227046,0.8514190317195325,0.44945339647908955,-11.033183915695425
23,14,-3.9980236971318748,-0.05042016806722689,0.8571428571428571,0.45848788782348626,-11.064647167279967
23,15,-3.9980236971318748,0.05042016806722689,0.8571428571428571,0.45848788782348626,-11.064647167279967
23,16,-3.9906980297036023,0.15025041736227046,0.8514190317195325,0.44945339647908955,-11.033183915695425
23,17,-3.9763363423236293,0.2471169686985173,0.8401976935749589,0.43174162596865806,-10.971620640273402
23,18,-3.955489854260776,0.3392568659127625,0.8239095315024232,0.40603237588202956,-10.882540326920063
23,19,-3.9289201571391974,0.42519685039370075,0.8031496062992125,0.37326489073224833,-10.769486033612308
23,20,-3.8975334347761117,0.5038167938931297,0.7786259541984732,0.3345567355648541,-10.636631485546303
23,21,-3.8623100438472875,0.5743740795287187,0.7511045655375552,0.29111695023708595,-10.48843498544472
23,22,-3.824238556952271,0.6364922206506365,0.7213578500707213,0.2441647070197791,-10.329323617859217
23,23,-3.784260919833824,0.6901217861975643,0.6901217861975643,0.1948616748998463,-10.163440152683732
23,24,-3.7432322577395207,0.7354838709677418,0.6580645161290322,0.1442624501612767,-9.994467628222003
23,25,-3.701895950598839,0.7730061349693251,0.6257668711656441,0.09328381746624892,-9.825531202324237
23,26,-3.660872432743855,0.8032596041909196,0.5937136204889406,0.042690936939460467,-9.659166271196096
23,27,-3.6206589412512473,0.8269018743109151,0.5622932745314222,-0.006902966192943172,-9.49733663214425
23,28,-3.5816370382708906,0.8446298227320125,0.5318039624608968,-0.05502732457663717,-9.341485660981862
23,29,-3.5440849258006693,0.8571428571428572,0.5024630541871921,-0.10133904134481808,-9.192605516625168
24,1,-3.557011155470067,-0.8140703517587939,0.5728643216080401,-0.08539757099999201,-9.243731370446245
24,2,-3.593185407959506,-0.7953340402969247,0.6044538706256627,-0.04078512111664523,-9.387487672906996
24,3,-3.6303079326457026,-0.770949720670391,0.6368715083798883,0.004996799949720132,-9.536053828066615
24,4,-3.668015722360736,-0.7403055229142186,0.6698002350176263,0.05150050805992468,-9.688042217395617
24,5,-3.7058460909236266,-0.7028360049321823,0.7028360049321823,0.09815538840812876,-9.841618418730675
24,6,-3.7432322577395207,-0.6580645161290322,0.7354838709677418,0.1442624501612767,-9.994467628222003
24,7,-3.7795058408562427,-0.6056527590847913,0.7671601615074023,0.1889974010592016,-10.14379080924956
24,8,-3.8139086709975394,-0.5454545454545454,0.7972027972027971,0.2314252172517265,-10.286343505021636
24,9,-3.8456158896805874,-0.4775687409551375,0.824891461649783,0.27052862940518463,-10.41852886539581
24,10,-3.8737712068171732,-0.40238450074515647,0.849478390461997,0.30525160467806367,-10.536551666505902
24,11,-3.8975334347761112,-0.32061068702290074,0.8702290076335877,0.3345567355648539,-10.636631485546301
24,12,-3.916131166067458,-0.2332814930015552,0.8864696734059098,0.35749267198596957,-10.715261420640083
24,13,-3.928920157139198,-0.14173228346456695,0.8976377952755906,0.37326489073224856,-10.769486033612312
24,14,-3.9354362595632297,-0.047543581616481784,0.9033280507131538,0.3813009736592353,-10.797162093075565
24,15,-3.9354362595632297,0.047543581616481784,0.9033280507131538,0.3813009736592353,-10.797162093075565
24,16,-3.928920157139198,0.14173228346456695,0.8976377952755906,0.37326489073224856,-10.769486033612312
24,17,-3.916131166067458,0.2332814930015552,0.8864696734059098,0.35749267198596957,-10.715261420640083
24,18,-3.8975334347761112,0.32061068702290074,0.8702290076335877,0.3345567355648539,-10.636631485546301
24,19,-3.8737712068171732,0.40238450074515647,0.849478390461997,0.30525160467806367,-10.536551666505902
24,20,-3.8456158896805874,0.4775687409551375,0.824891461649783,0.27052862940518463,-10.41852886539581
24,21,-3.8139086709975394,0.5454545454545454,0.7972027972027971,0.2314252172517265,-10.286343505021636
24,22,-3.7795058408562427,0.6056527590847913,0.7671601615074023,0.1889974010592016,-10.14379080924956
24,23,-3.7432322577395207,0.6580645161290322,0.7354838709677418,0.1442624501612767,-9.994467628222003
24,24,-3.7058460909236266,0.7028360049321823,0.7028360049321823,0.09815538840812876,-9.841618418730675
24,25,-3.668015722360736,0.7403055229142186,0.6698002350176263,0.05150050805992468,-9.688042217395617
24,26,-3.6303079326457026,0.770949720670391,0.6368715083798883,0.004996799949720132,-9.536053828066615
24,27,-3.593185407959506,0.7953340402969247,0.6044538706256627,-0.04078512111664523,-9.387487672906996
24,28,-3.557011155470067,0.8140703517587939,0.5728643216080401,-0.08539757099999201,-9.243731370446245
24,29,-3.5220574497417814,0.8277830637488106,0.5423406279733587,-0.12850476293148172,-9.10577708017412
25,1,-3.5316582605629394,-0.782608695652174,0.6086956521739131,-0.11666441621738022,-9.14357612452167
25,2,-3.5650193689681986,-0.7629704984740591,0.6408952187182095,-0.075521319280766,-9.275469640780411
25,3,-3.599107807174149,-0.7379679144385027,0.6737967914438503,-0.0334812317486598,-9.411118680805663
25,4,-3.633582019886545,-0.7070707070707071,0.7070707070707071,0.00903461809090822,-9.549207507069763
25,5,-3.668015722360736,-0.6698002350176263,0.7403055229142185,0.051500508059924566,-9.688042217395617
25,6,-3.701895950598839,-0.6257668711656441,0.7730061349693251,0.09328381746624892,-9.825531202324237
25,7,-3.7346271261125334,-0.5747126436781609,0.8045977011494252,0.13365004003447012,-9.959191707569005
25,8,-3.765542913580352,-0.5165562913907285,0.8344370860927152,0.17177740754303017,-10.086192041224534
25,9,-3.7939271952930382,-0.4514363885088919,0.8618331053351573,0.20678275687959757,-10.203437316037148
25,10,-3.8190445566304474,-0.37974683544303794,0.8860759493670886,0.23775912672149657,-10.307702451061914
25,11,-3.840179280242127,-0.302158273381295,0.9064748201438848,0.2638238477050111,-10.39580932521543
25,12,-3.8566801460780393,-0.21961932650073207,0.9224011713030746,0.28417379274814325,-10.464836166735283
25,13,-3.868006666330838,-0.13333333333333333,0.9333333333333332,0.298142396999972,-10.51233818942359
25,14,-3.8737712068171732,-0.044709388971684055,0.9388971684053651,0.30525160467806367,-10.536551666505902
25,15,-3.8737712068171732,0.044709388971684055,0.9388971684053651,0.30525160467806367,-10.536551666505902
25,16,-3.868006666330838,0.13333333333333333,0.9333333333333332,0.298142396999972,-10.51233818942359
25,17,-3.8566801460780393,0.21961932650073207,0.9224011713030746,0.28417379274814325,-10.464836166735283
25,18,-3.840179280242127,0.302158273381295,0.9064748201438848,0.2638238477050111,-10.39580932521543
25,19,-3.8190445566304474,0.37974683544303794,0.8860759493670886,0.23775912672149657,-10.307702451061914
25,20,-3.7939271952930382,0.4514363885088919,0.8618331053351573,0.20678275687959757,-10.203437316037148
25,21,-3.765542913580352,0.5165562913907285,0.8344370860927152,0.17177740754303017,-10.086192041224534
25,22,-3.7346271261125334,0.5747126436781609,0.8045977011494252,0.13365004003447012,-9.959191707569005
25,23,-3.701895950598839,0.6257668711656441,0.7730061349693251,0.09328381746624892,-9.825531202324237
25,24,-3.668015722360736,0.6698002350176263,0.7403055229142185,0.051500508059924566,-9.688042217395617
25,25,-3.633582019886545,0.7070707070707071,0.7070707070707071,0.00903461809090822,-9.549207507069763
25,26,-3.599107807174149,0.7379679144385027,0.6737967914438503,-0.0334812317486598,-9.411118680805663
25,27,-3.5650193689681986,0.7629704984740591,0.6408952187182095,-0.075521319280766,-9.275469640780411
25,28,-3.5316582605629394,0.782608695652174,0.6086956521739131,-0.11666441621738022,-9.14357612452167
25,29,-3.499287424077486,0.7974335472043997,0.5774518790100825,-0.15658624517047093,-9.016412055057726
26,1,-3.5059411674435212,-0.7506950880444857,0.6394810009267841,-0.14838041444762273,-9.042484814411475
26,2,-3.5365708468205033,-0.7302823758519961,0.6718597857838363,-0.11060589411586108,-9.162944599101879
26,3,-3.567732400098822,-0.7048008171603677,0.7048008171603677,-0.07217543216444666,-9.28623309875202
26,4,-3.599107807174149,-0.6737967914438503,0.7379679144385027,-0.0334812317486598,-9.411118680805663
26,5,-3.6303079326457026,-0.6368715083798883,0.770949720670391,0.004996799949720132,-9.536053828066615
26,6,-3.660872432743855,-0.5937136204889406,0.8032596041909196,0.042690936939460467,-9.659166271196096
26,7,-3.6902748001632784,-0.5441354292623942,0.8343409915356711,0.07895185603747745,-9.778272532450199
26,8,-3.7179338169487908,-0.4881101376720901,0.8635794743429286,0.11306276131538351,-9.890920707676106
26,9,-3.7432322577395207,-0.4258064516129032,0.8903225806451612,0.14426245016127692,-9.994467628222003
26,10,-3.765542913580352,-0.3576158940397351,0.9139072847682118,0.17177740754303017,-10.086192041224534
26,11,-3.784260919833824,-0.28416779431664413,0.9336941813261163,0.1948616748998463,-10.163440152683732
26,12,-3.798840109711442,-0.2063273727647868,0.9491059147180193,0.21284168369048906,-10.223793412428984
26,13,-3.80882993012828,-0.12517385257301808,0.9596662030598052,0.2251617824353057,-10.26524206630202
26,14,-3.81390867099754,-0.04195804195804196,0.965034965034965,0.2314252172517265,-10.28634350502164
26,15,-3.81390867099754,0.04195804195804196,0.965034965034965,0.2314252172517265,-10.28634350502164
26,16,-3.80882993012828,0.12517385257301808,0.9596662030598052,0.2251617824353057,-10.26524206630202
26,17,-3.798840109711442,0.2063273727647868,0.9491059147180193,0.21284168369048906,-10.223793412428984
26,18,-3.784260919833824,0.28416779431664413,0.9336941813261163,0.1948616748998463,-10.163440152683732
26,19,-3.765542913580352,0.3576158940397351,0.9139072847682118,0.17177740754303017,-10.086192041224534
26,20,-3.7432322577395207,0.4258064516129032,0.8903225806451612,0.14426245016127692,-9.994467628222003
26,21,-3.7179338169487908,0.4881101376720901,0.8635794743429286,0.11306276131538351,-9.890920707676106
26,22,-3.6902748001632784,0.5441354292623942,0.8343409915356711,0.07895185603747745,-9.778272532450199
26,23,-3.660872432743855,0.5937136204889406,0.8032596041909196,0.042690936939460467,-9.659166271196096
26,24,-3.6303079326457026,0.6368715083798883,0.770949720670391,0.004996799949720132,-9.536053828066615
26,25,-3.599107807174149,0.6737967914438503,0.7379679144385027,-0.0334812317486598,-9.411118680805663
26,26,-3.567732400098822,0.7048008171603677,0.7048008171603677,-0.07217543216444666,-9.28623309875202
26,27,-3.5365708468205033,0.7302823758519961,0.6718597857838363,-0.11060589411586108,-9.162944599101879
26,28,-3.5059411674435212,0.7506950880444857,0.6394810009267841,-0.14838041444762273,-9.042484814411475
26,29,-3.4760940966144975,0.7665198237885463,0.6079295154185022,-0.18518977082377108,-8.925793725020977
27,1,-3.480176361720914,-0.7187222715173025,0.6654835847382431,-0.1801552549751384,-8.941713626661285
27,2,-3.508192092718667,-0.6976744186046511,0.6976744186046511,-0.1456044264418469,-9.051312758984249
27,3,-3.5365708468205033,-0.6718597857838363,0.7302823758519961,-0.11060589411586108,-9.162944599101879
27,4,-3.5650193689681986,-0.6408952187182095,0.7629704984740591,-0.075521319280766,-9.275469640780411
27,5,-3.593185407959506,-0.6044538706256627,0.7953340402969247,-0.04078512111664523,-9.387487672906996
27,6,-3.6206589412512473,-0.5622932745314222,0.8269018743109151,-0.006902966192943172,-9.49733663214425
27,7,-3.6469777139690756,-0.5142857142857142,0.8571428571428571,0.025555062599997513,-9.603110312498398
27,8,-3.671637968984644,-0.460448642266824,0.8854781582054309,0.05596769908263921,-9.702699667803367
27,9,-3.694110862376718,-0.40097205346294046,0.9113001215066829,0.08368273840460949,-9.793860865685513
27,10,-3.7138644330523984,-0.336239103362391,0.933997509339975,0.10804413141593006,-9.874310395643697
27,11,-3.7303901648603635,-0.26683608640406603,0.9529860228716645,0.12842474279922544,-9.941843512412516
27,12,-3.7432322577395207,-0.19354838709677416,0.967741935483871,0.1442624501612767,-9.994467628222
27,13,-3.7520168966755456,-0.11734028683181226,0.9778357235984355,0.1550962404211066,-10.030537890672335
27,14,-3.7564782958730683,-0.039318479685452164,0.9829619921363042,0.16059832918347128,-10.048879285886697
27,15,-3.7564782958730683,0.039318479685452164,0.9829619921363042,0.16059832918347128,-10.048879285886697
27,16,-3.7520168966755456,0.11734028683181226,0.9778357235984355,0.1550962404211066,-10.030537890672335
27,17,-3.7432322577395207,0.19354838709677416,0.967741935483871,0.1442624501612767,-9.994467628222
27,18,-3.7303901648603635,0.26683608640406603,0.9529860228716645,0.12842474279922544,-9.941843512412516
27,19,-3.7138644330523984,0.336239103362391,0.933997509339975,0.10804413141593006,-9.874310395643697
27,20,-3.694110862376718,0.40097205346294046,0.9113001215066829,0.08368273840460949,-9.793860865685513
27,21,-3.671637968984644,0.460448642266824,0.8854781582054309,0.05596769908263921,-9.702699667803367
27,22,-3.6469777139690756,0.5142857142857142,0.8571428571428571,0.025555062599997513,-9.603110312498398
27,23,-3.6206589412512473,0.5622932745314222,0.8269018743109151,-0.006902966192943172,-9.49733663214425
27,24,-3.593185407959506,0.6044538706256627,0.7953340402969247,-0.04078512111664523,-9.387487672906996
27,25,-3.5650193689681986,0.6408952187182095,0.7629704984740591,-0.075521319280766,-9.275469640780411
27,26,-3.5365708468205033,0.6718597857838363,0.7302823758519961,-0.11060589411586108,-9.162944599101879
27,27,-3.508192092718667,0.6976744186046511,0.6976744186046511,-0.1456044264418469,-9.051312758984249
27,28,-3.480176361720914,0.7187222715173025,0.6654835847382431,-0.1801552549751384,-8.941713626661285
27,29,-3.4527599658878825,0.73541842772612,0.6339814032121724,-0.21396694425441776,-8.83504079795016
28,1,-3.4546319080970083,-0.6870229007633588,0.6870229007633588,-0.21165834290837704,-8.842305925070203
28,2,-3.480176361720914,-0.6654835847382431,0.7187222715173025,-0.1801552549751384,-8.941713626661285
28,3,-3.5059411674435212,-0.6394810009267841,0.7506950880444857,-0.14838041444762273,-9.042484814411475
28,4,-3.5316582605629394,-0.6086956521739131,0.782608695652174,-0.11666441621738022,-9.14357612452167
28,5,-3.557011155470067,-0.5728643216080401,0.8140703517587939,-0.08539757099999201,-9.243731370446245
28,6,-3.5816370382708906,-0.5318039624608968,0.8446298227320125,-0.05502732457663717,-9.341485660981862
28,7,-3.6051324268714606,-0.4854368932038835,0.8737864077669902,-0.026051277407764584,-9.435185107654476
28,8,-3.627062980775191,-0.43381535038932145,0.9010011123470523,0.0009949134493880685,-9.523025297203947
28,9,-3.646977713969076,-0.3771428571428571,0.9257142857142857,0.025555062599997624,-9.603110312498401
28,10,-3.664427368102899,-0.3157894736842105,0.9473684210526315,0.04707511531578501,-9.673531815837428
28,11,-3.67898607834566,-0.2502979737783075,0.9654350417163289,0.06502986728366489,-9.732464705345581
28,12,-3.6902748001632784,-0.18137847642079805,0.9794437726723096,0.07895185603747745,-9.778272532450197
28,13,-3.6979843952833287,-0.10989010989010989,0.989010989010989,0.08845983207691477,-9.809612895849833
28,14,-3.701895950598839,-0.03680981595092025,0.9938650306748467,0.09328381746624892,-9.825531202324237
28,15,-3.701895950598839,0.03680981595092025,0.9938650306748467,0.09328381746624892,-9.825531202324237
28,16,-3.6979843952833287,0.10989010989010989,0.989010989010989,0.08845983207691477,-9.809612895849833
28,17,-3.6902748001632784,0.18137847642079805,0.9794437726723096,0.07895185603747745,-9.778272532450197
28,18,-3.67898607834566,0.2502979737783075,0.9654350417163289,0.06502986728366489,-9.732464705345581
28,19,-3.664427368102899,0.3157894736842105,0.9473684210526315,0.04707511531578501,-9.673531815837428
28,20,-3.646977713969076,0.3771428571428571,0.9257142857142857,0.025555062599997624,-9.603110312498401
28,21,-3.627062980775191,0.43381535038932145,0.9010011123470523,0.0009949134493880685,-9.523025297203947
28,22,-3.6051324268714606,0.4854368932038835,0.8737864077669902,-0.026051277407764584,-9.435185107654476
28,23,-3.5816370382708906,0.5318039624608968,0.8446298227320125,-0.05502732457663717,-9.341485660981862
28,24,-3.557011155470067,0.5728643216080401,0.8140703517587939,-0.08539757099999201,-9.243731370446245
28,25,-3.5316582605629394,0.6086956521739131,0.782608695652174,-0.11666441621738022,-9.14357612452167
28,26,-3.5059411674435212,0.6394810009267841,0.7506950880444857,-0.14838041444762273,-9.042484814411475
28,27,-3.480176361720914,0.6654835847382431,0.7187222715173025,-0.1801552549751384,-8.941713626661285
28,28,-3.4546319080970083,0.6870229007633588,0.6870229007633588,-0.21165834290837704,-8.842305925070203
28,29,-3.429528177839893,0.7044534412955465,0.6558704453441295,-0.24261790201212297,-8.745099962956681
29,1,-3.429528177839893,-0.6558704453441295,0.7044534412955465,-0.24261790201212297,-8.745099962956681
29,2,-3.4527599658878825,-0.6339814032121724,0.73541842772612,-0.21396694425441776,-8.83504079795016
29,3,-3.4760940966144975,-0.6079295154185022,0.7665198237885463,-0.18518977082377108,-8.925793725020977
29,4,-3.499287424077486,-0.5774518790100825,0.7974335472043997,-0.15658624517047093,-9.016412055057726
29,5,-3.5220574497417814,-0.5423406279733587,0.8277830637488106,-0.12850476293148172,-9.10577708017412
29,6,-3.5440849258006693,-0.5024630541871921,0.8571428571428572,-0.10133904134481808,-9.192605516625168
29,7,-3.5650193689681986,-0.4577822990844354,0.8850457782299085,-0.075521319280766,-9.275469640780411
29,8,-3.5844878530919284,-0.4083769633507853,0.9109947643979057,-0.051511513617796156,-9.352832164915576
29,9,-3.602107174767816,-0.3544575725026852,0.9344790547798066,-0.029782215812027335,-9.42309672113275
29,10,-3.6174990995761513,-0.29637760702524696,0.9549945115257957,-0.010799889243687355,-9.48467305607362
29,11,-3.6303079326457026,-0.2346368715083799,0.9720670391061452,0.004996799949720132,-9.536053828066615
29,12,-3.64021918428191,-0.16987542468856173,0.985277463193658,0.017220002544732327,-9.575897560668935
29,13,-3.646977713969076,-0.10285714285714287,0.9942857142857143,0.025555062599997624,-9.603110312498401
29,14,-3.6504035358483913,-0.034443168771526984,0.9988518943742825,0.029780009803671126,-9.616917500842776
29,15,-3.6504035358483913,0.034443168771526984,0.9988518943742825,0.029780009803671126,-9.616917500842776
29,16,-3.646977713969076,0.10285714285714287,0.9942857142857143,0.025555062599997624,-9.603110312498401
29,17,-3.64021918428191,0.16987542468856173,0.985277463193658,0.017220002544732327,-9.575897560668935
29,18,-3.6303079326457026,0.2346368715083799,0.9720670391061452,0.004996799949720132,-9.536053828066615
29,19,-3.6174990995761513,0.29637760702524696,0.9549945115257957,-0.010799889243687355,-9.48467305607362
29,20,-3.602107174767816,0.3544575725026852,0.9344790547798066,-0.029782215812027335,-9.42309672113275
29,21,-3.5844878530919284,0.4083769633507853,0.9109947643979057,-0.051511513617796156,-9.352832164915576
29,22,-3.5650193689681986,0.4577822990844354,0.8850457782299085,-0.075521319280766,-9.275469640780411
29,23,-3.5440849258006693,0.5024630541871921,0.8571428571428572,-0.10133904134481808,-9.192605516625168
29,24,-3.5220574497417814,0.5423406279733587,0.8277830637488106,-0.12850476293148172,-9.10577708017412
29,25,-3.499287424077486,0.5774518790100825,0.7974335472043997,-0.15658624517047093,-9.016412055057726
29,26,-3.4760940966144975,0.6079295154185022,0.7665198237885463,-0.18518977082377108,-8.925793725020977
29,27,-3.4527599658878825,0.6339814032121724,0.73541842772612,-0.21396694425441776,-8.83504079795016
29,28,-3.429528177839893,0.6558704453441295,0.7044534412955465,-0.24261790201212297,-8.745099962956681
29,29,-3.4066023079923804,0.6738962044926414,0.6738962044926414,-0.2708915814724764,-8.656748494964782
