r,phi
5,0
4.9981347341443625,0.00021901616519434572
4.996271027130118,0.0006570484955830372
4.992548282048819,0.00153311315636042
4.990686207030388,0.0017524868128224495
4.988825688356874,0.0021912341257465085
4.9851093124795245,0.0030687287515946265
4.983250423520233,0.0032884604828429414
4.981393088413162,0.0037279239453395716
4.9799524495110035,0.003898485082950394
4.978512744822171,0.004239607358172039
4.975636134561081,0.0049218519086153285
4.9738133633410815,0.005138233983726893
4.971992089666615,0.005570998133950022
4.9683540278002205,0.00643652643439628
4.966478054579147,0.006659960079978706
4.96460367042496,0.00710682737114356
4.9608596614913,0.008000561953473267
4.959007253698115,0.008221936719651888
4.957156398172032,0.008664686252009128
4.955599561991433,0.00885103808710533
4.954043823305803,0.009223741757297736
4.950935633921154,0.009969149097682546
4.949099399494316,0.010189579412340844
4.947264694096904,0.01063044004165744
4.943599862989093,0.01151216130029063
4.941755156638201,0.0117343480746914
4.939911996261938,0.012178721623492934
4.9383725902634055,0.012364434650044396
4.936834261917747,0.012735860703147318
4.933760833799653,0.013478712809353163
4.9319451212250085,0.013698387495452982
4.930130910081811,0.014137736867652618
4.92861566694864,0.014321350185422618
4.927101470450029,0.014688576820962619
4.92407621315436,0.015423030092042619
4.922347192313346,0.01563313852715284
4.9206195362647085,0.016053355397373282
4.9191574292903235,0.016231298820270558
4.917696299154669,0.01658718566606511
4.914776965606485,0.01729895935765421
4.912970477107659,0.01751942103128783
4.911165481876253,0.01796034437855507
4.909637975704231,0.018147056086742552
4.908111538219156,0.01852047950311752
4.90506186496492,0.019267326335867453
4.90323758625661,0.019490953729567693
4.9014148340731385,0.019938208516968176
4.899872315283523,0.020127601312491795
4.898330888952633,0.02050638690353903
4.89525130917138,0.021263958085633503
4.893454241269222,0.02148524387070757
4.89165865835235,0.0219278154408557
4.888071940345736,0.02281295858115196
4.886303620953505,0.023031424017816753
4.884536742022372,0.02346835489114634
4.881007298727172,0.024342216637805517
4.8792369957072355,0.0245616412299791
4.877468138954408,0.025000490414326264
4.8739347573870715,0.025878188783020596
4.8721287347149556,0.026102775493259386
4.870324219941674,0.02655194891373697
4.8687971320926575,0.02674215416625891
4.867271123378891,0.02712256467130279
4.865987374928643,0.027282678212987122
4.864704389726264,0.027602905296355788
4.86214070642913,0.028243359463093122
4.860334885249811,0.028469151442213424
4.858530576142359,0.028920735400454027
4.854926486790603,0.029823903316935237
4.853149028265795,0.0300468933061116
4.851373037382764,0.030492873284464327
4.847825451505305,0.03138483324116978
4.846072062521342,0.03160553027340405
4.8443201042900395,0.032046924337872595
4.840820473306674,0.03292971246680968
4.839043449105272,0.0331541171175607
4.837267897108513,0.03360292641906275
4.833721202647839,0.03450054502206684
4.8319412651816975,0.034726064017537424
4.830162807431652,0.035177102008478595
4.826610323938641,0.036079177990360936
4.824882581507022,0.03629881050342411
4.823156235836984,0.03673807552955046
4.819707728226874,0.037616605581803166
4.817921058478109,0.03784446798529548
4.816135885021513,0.0383001927922801
4.812570019711507,0.039211642406249345
4.810846212542302,0.03943222228510755
4.809123800802174,0.039873382042823965
4.805683157053053,0.04075570155825679
4.8039621183019445,0.040976641480769536
4.802242472971662,0.041418521325795016
4.798807356026365,0.04230228101584598
4.797045666179595,0.04252917554187342
4.795285438936911,0.042982964593928294
4.791769365217479,0.04389054269803805
4.79003588485609,0.04411454539070466
4.788303823221429,0.044562550776037886
4.784843949395012,0.04545856154670433
4.783129622600526,0.045680814779277136
4.781416685852297,0.04612532124442276
4.777994975955211,0.04701433417471399
4.776277717584328,0.04723769106853132
4.7745618564995445,0.04768440485616597
4.773118537795107,0.04787242523338756
4.771676207078762,0.048248465987830745
4.768794505686492,0.04900054749671712
4.767049052312303,0.04922856675168241
4.765305045935778,0.049684605261612995
4.761821367217358,0.05059668228147416
4.760106931792563,0.05082139192892775
4.7583938949451365,0.05127081122383492
4.754972010364812,0.05216964981364927
4.75327889956372,0.05239228882369383
4.751587155215189,0.05283756684378295
4.750187046490069,0.05302196166226571
4.748787873083506,0.05339075129923122
4.74599232860185,0.054128330573162256
4.7452254131551195,0.05417895958441615
4.744842060845441,0.054280217606923954
4.744075566960038,0.05448273365193955
4.742543421602322,0.05488776574197075
4.739482496362973,0.05569782992203314
4.737787095016099,0.055922426769321326
4.736093069398213,0.056371620463897695
4.734771084969649,0.05654701814852707
4.733449937805574,0.05689781351778582
4.7308101521956125,0.05759940425630331
4.729176556552531,0.05781671190653985
4.727544241098454,0.058251327207012926
4.7242834449403395,0.05912055780795908
4.722599737807903,0.05934523756379709
4.721844979100911,0.05944601426707406
4.721090494314567,0.05964756767362802
4.719582345927234,0.06005067448673593
4.716569329863497,0.06085688811295175
4.714907380686379,0.06107948820572599
4.713246761507823,0.06152468839127447
4.709929506976297,0.06241508876237144
4.708261003642003,0.06263928376684069
4.706593843175268,0.0630876737757792
4.705214077561682,0.06327335730511925
4.703835231129593,0.06364472436379937
4.7010802922600785,0.06438745848115959
4.699411570138043,0.06461264375440019
4.697744194395726,0.06506301430088139
4.694413475754169,0.06596375539384379
4.692751708271868,0.06618872687429996
4.691091278343512,0.06663866983521227
4.687774424909344,0.0675385557570369
4.686147197856677,0.06775955986274064
4.684521255615251,0.06820156807414811
4.681273219687404,0.06908558449696306
4.679623318840445,0.06931037833633726
4.677974741149433,0.06975996601508565
4.674681549086673,0.07065914137258242
4.673049770997122,0.07088217957301032
4.671419289447053,0.07132825597386615
4.66816220999657,0.0722204087755778
4.666497560131287,0.0724486663421269
4.664834261920846,0.07290518147522511
4.663426650099909,0.07309849562119285
4.662020005662372,0.07348512391312832
4.660831300899169,0.07364859040751798
4.659643286583054,0.07397552339629729
4.657269326968393,0.07462938937385592
4.655658074798241,0.07485150156425006
4.654048092689244,0.07529572594503833
4.650831932855549,0.07618417470661488
4.6492231315667025,0.07640664944179398
4.647615598679079,0.07685159891215217
4.6444043323151645,0.07774149785286853
4.6427891098640055,0.07796556660156559
4.641175168180192,0.0784137040989597
4.637951121232785,0.07930997909374793
4.636353583030698,0.07953229786645387
4.63475729990047,0.07997693541186573
4.631568493145344,0.08086621050268947
4.6299439033082175,0.08109300715515594
4.628320613649545,0.0815466004600889
4.626955145794619,0.08173751640371862
4.625590597301784,0.0821193482909781
4.62286425481769,0.08288301206549704
4.621253524182478,0.08310884113504102
4.6196440746695595,0.08356049927412898
4.616429013110823,0.0844638155523049
4.614811898621922,0.08469126266890178
4.6131960776954966,0.08514615690209555
4.6099683105394496,0.08605594536848309
4.608362533174605,0.08628252128554416
4.60675803355391,0.0867356731196663
4.603552861659182,0.08764197678791058
4.6019442410175095,0.08786967783172776
4.600336904901124,0.08832507991936214
4.597126080306837,0.08923588409463089
4.59553735875825,0.0894614869361468
4.593949892367,0.08991269261917866
4.5926145454569935,0.0901026036205323
4.591280086099639,0.09048242562323958
4.588613826628151,0.09124206962865415
4.587028740137584,0.09146811255426483
4.585444905994529,0.09192019840548618
4.582280989024652,0.09282437010792888
4.580698325249333,0.09305078199430533
4.579116912176726,0.09350360576705824
4.577778571053406,0.09369535678374312
4.576441125115994,0.09407885881711289
4.573768915333673,0.09484586288385242
4.572232441956038,0.09506660218118983
4.570697150128145,0.09550808077586462
4.569405666453046,0.09569389767743271
4.568115018328302,0.09606553148056887
4.565536225601734,0.0968087990868412
4.563983830451122,0.09703274913108899
4.562432644212543,0.09748064921958456
4.559333893024816,0.09837644939657572
4.557765442142358,0.09860342266330739
4.556198227428707,0.09905736919677073
4.553067500871632,0.09996526226369742
4.551472507007009,0.10019680715964831
4.54987879372597,0.10065989695155007
4.546695202967415,0.1015860765353536
4.545133349037356,0.10181353813429109
4.543572725219827,0.10226846133216605
4.540455162318664,0.10317830772791596
4.538910375401845,0.1034039928527161
4.537366793962872,0.10385536310231641
4.534283242077951,0.10475810360151702
4.53269883371544,0.10499030337701185
4.531115695640437,0.10545470292800149
4.52795322446344,0.10638350202998077
4.526401729075726,0.10661160695965359
4.524851453919729,0.10706781681899923
4.521754558753515,0.10798023653769048
4.521058698089878,0.1080315402375259
4.520710859992752,0.10813414763719671
4.520015368189293,0.10833936243653836
4.5186251217058055,0.10874979203522164
4.515847573719015,0.1095706512325882
4.514289858323229,0.10980108395017239
4.512733377152767,0.11026194938534079
4.5096241118341185,0.11118368025567756
4.5080911078304675,0.11141117604467293
4.506559301308976,0.11186616762266369
4.5052629310199706,0.11205883660983365
4.5039674178471945,0.11244417458417359
4.501378959574062,0.11321485053285348
4.49978695351608,0.11345210209898275
4.498196241885471,0.1139266052312413
4.49501869582302,0.11487561149575841
4.4935056409998255,0.11510182738284594
4.4919937575290785,0.11555425915702101
4.490714239912438,0.11574584417949278
4.489435560725265,0.11612901422443632
4.486880714463713,0.1168953543143234
4.4854139872991174,0.11711555772988523
4.483948363411829,0.11755596456100892
4.481020420673098,0.1184367782232563
4.479514612733192,0.11866353261055484
4.478009969577082,0.11911704138515193
4.4750041724098075,0.1200240589343461
4.473477284386934,0.12025470165997995
4.471951596037791,0.12071598711124766
4.470660409011139,0.120911321277837
4.4693700806598065,0.12130198961101568
4.468277956623949,0.12146742052383677
4.467186447389395,0.12179828234947894
4.4650052713241895,0.12246000600076327
4.463542931187749,0.12268203654703637
4.4620816946036355,0.12312609763958254
4.459162527281093,0.1240142198246749
4.45766123799516,0.12424285569916059
4.456161113768447,0.12470012744813196
4.453164355269802,0.12561467094607467
4.451686786141568,0.12584039279323278
4.450210347498813,0.126291836487549
4.447260856673706,0.12719472387618144
4.445737848746381,0.1274281032783865
4.4442160439324,0.1278948620827966
4.4411760381553105,0.12882837969161684
4.4396771768403385,0.12905878460892425
4.438179482843073,0.12951959444353908
4.436919637745294,0.12971354780099076
4.4356606181151905,0.13010145451589414
4.433145052134266,0.13087726794570087
4.431691390482337,0.1311016581486789
4.430238829367843,0.131550438554635
4.427337003939862,0.13244799936654716
4.425838590451708,0.13268000194888915
4.424341348261114,0.13314400711357313
4.423081886569778,0.13333930537503624
4.421823253154461,0.13372990189796247
4.419308468006565,0.1345110949438149
4.417855263140463,0.13473704110482365
4.416403162540778,0.13518893342684116
4.413502269296217,0.13609271807087617
4.412043097702183,0.1363202831178887
4.410585041341281,0.1367754132119138
4.407672269398384,0.137685673399964
4.406228908398917,0.13791146116491018
4.4047866404550176,0.13836303669480257
4.403566019936991,0.13855425913535702
4.402346181842488,0.1389367040164659
4.401255558623498,0.1391077745200987
4.400165560509246,0.13944991552736427
4.397987437526632,0.1401341975418954
4.396572608409067,0.14035665006105458
4.395158832542672,0.1408015550993729
4.3940554836911385,0.14097527818262892
4.392952775961949,0.14132272434914098
4.390749281720278,0.14201761668216512
4.389286516461004,0.14224848807196108
4.387824879410096,0.14271023085155302
4.384904984911917,0.1436337164107369
4.383444345618051,0.14386496464260634
4.381984833187993,0.14432746110634517
4.380749634498866,0.14452330808362718
4.379515242403705,0.14491500203819116
4.377048874955868,0.14569838994731915
4.375623638539022,0.1459249709333992
4.374984719740531,0.14602660040472043
4.374346017187546,0.14622985934736285
4.373069260395663,0.1466363772326477
4.3705183371150715,0.1474494130032174
4.36909941052551,0.14767577291793788
4.367681551884349,0.14812849274737883
4.364849033810231,0.1490339324062607
4.363371999044009,0.1492702765419685
4.36189612341198,0.14974296481338412
4.35894784430338,0.15068834135621534
4.357513856185911,0.15091851645239707
4.356080962545948,0.15137886664476052
4.354875609579816,0.15157262654028675
4.353671030606536,0.1519601463313392
4.351264191771703,0.15273518591344407
4.349824316842175,0.1529672550260926
4.348385547913004,0.15343139325138963
4.347194762409617,0.15362359830069217
4.346004734035725,0.1540080083992972
4.343626945899915,0.1547768285965073
4.34221329014612,0.15500560202907207
4.3408007029129845,0.15546314889420162
4.337978729351433,0.1563782426244607
4.336566301092125,0.15660750963586764
4.335154941297677,0.15706604365868151
4.332335422442965,0.15798311170430923
4.330889324097021,0.1582185577445508
4.329444347645873,0.1586894498250339
4.3282214557699135,0.1588888519779566
4.326999366923308,0.15928765628380195
4.324557595277797,0.16008526489549268
4.323114951746234,0.1603211320619716
4.321673427360712,0.16079286639492946
4.318793731023058,0.16173633506084514
4.317373879491295,0.1619691960351841
4.315955113906253,0.16243491798386198
4.314847891055641,0.16261676949350132
4.313741329196388,0.16298047251277997
4.311530186177191,0.1637078785513373
4.310128972145066,0.16393858413626203
4.3087288180566725,0.16439999530611146
4.305931685090001,0.16532281764581033
4.304524698457093,0.165555176217627
4.303118782323737,0.16601989336126033
4.300310156861898,0.16694932764852696
4.298897398721895,0.16718335105075322
4.297485721715368,0.16765139785520572
4.296384031307584,0.16783415715657252
4.295282998961105,0.16819967575930608
4.293082906186795,0.16893071296477324
4.291679151261853,0.1691641580351015
4.290276466075746,0.16963104817575797
4.28911553855255,0.1698243928252884
4.287955343348587,0.1702110821243493
4.2869733319759264,0.17037482809065604
4.285991844985547,0.17070232002326954
4.284030442538077,0.17135730388849654
4.282617549788046,0.17159342893577417
4.281205743730347,0.17206567903032943
4.278385386877099,0.17301017921943992
4.277008473977183,0.17324099820241234
4.275632594912593,0.17370263616835718
4.272883933818015,0.1746259121002469
4.271479037059533,0.17486213252914895
4.270075218386577,0.17533457338695307
4.268894327840764,0.17553342220415563
4.267714199689534,0.17593111983856075
4.2653562277356585,0.17672651510737097
4.263980112834631,0.17695884927036837
4.262605034689282,0.17742351759636316
4.259857984167347,0.17835285424835276
4.258489902604013,0.1785845289020645
4.257122847457219,0.17904787820948798
4.254391811978765,0.1799745768243349
4.252995922819495,0.18021167294771598
4.25160110401446,0.1806858651944781
4.248814672741407,0.18163424968800235
4.247428386237447,0.18187043765288166
4.246043157227278,0.18234281358264032
4.243275867043969,0.18328756544215763
4.24194151038188,0.18351559754030772
4.240608135157309,0.18397166173660787
4.237944324865015,0.1848837901292082
4.236559286120933,0.18512118432473088
4.235175306514528,0.18559597271577624
4.23401110169604,0.18579580960206862
4.23284764587893,0.1861954833746534
4.2305229784748555,0.18699483091982289
4.229166295311814,0.1872283195387944
4.22781063070758,0.18769529677673744
4.225102352774218,0.18862925125262353
4.223722503684575,0.18886744273113537
4.22234371000283,0.18934382568815902
4.2211838677735845,0.1895443337220744
4.2200247719080854,0.1899453497899052
4.2177088165040955,0.1907473819255668
4.216321407132971,0.19098786420892475
4.214935067220672,0.19146882877564064
4.213853155563815,0.19165663210504913
4.212771894854678,0.19203223876386608
4.2106113240256775,0.19278345208149997
4.209264698284152,0.19301778637061864
4.207919082292819,0.193486454948856
4.206780252430774,0.1936849155460524
4.205642145380253,0.19408183674044524
4.203368097074059,0.19487567912923087
4.202024500646006,0.1951104325560737
4.20068191170935,0.1955799394097593
4.197999751964158,0.1965189531171305
4.196653529462218,0.19675487227846555
4.195308320095568,0.19722671060113564
4.192620936382245,0.19817038724647584
4.1912557532754136,0.1984103519018363
4.189891613799039,0.19889028121255725
4.187166461148897,0.19985013983399913
4.185825192841399,0.20008662149917947
4.184484933656155,0.20055958482954014
4.183449925918924,0.2007423283243411
4.1824155196312285,0.20110781531394306
4.180348509394139,0.20183878929314697
4.179016709058017,0.20207450221408058
4.177685905790338,0.2025459280559478
4.175027286167762,0.2034887797396822
4.173676707168636,0.20372853461807258
4.17232715527414,0.20420804437485332
4.169631128307788,0.2051670638884148
4.168304187253012,0.20540333882145315
4.166978239365061,0.20587588868752982
4.164329318815843,0.2068209884196832
4.163016672616227,0.2070554180464817
4.161704999939137,0.20752427730007872
4.1606813326335255,0.20770735384031272
4.159658257927484,0.20807350692078075
4.157613884341727,0.20880581308171678
4.156296664302143,0.2090419555835332
4.154980426674571,0.20951424058716603
4.153873187216898,0.20971302380585588
4.15276664253847,0.21011059024323556
4.151830039126407,0.21027894220078383
4.150893933222216,0.21061564611588035
4.149023212418221,0.2112890539460734
4.1476756355340525,0.211531820927343
4.1463290896764,0.21201735488988221
4.1451963745753,0.21222171455219285
4.144064388597494,0.2126304338768141
4.141802601314273,0.21344787252605663
4.140502062083865,0.2136831266021103
4.13991903764949,0.21378864625664587
4.139336206769067,0.213999685565717
4.1381711253006905,0.21442176418385925
4.1371909666628355,0.21459941569853597
4.136211355422212,0.21495471872788943
4.134253773375712,0.21566532478659636
4.132925074856477,0.2159067110547672
4.13159738343266,0.21638948359110882
4.128945017485471,0.21735502866379208
4.127654904650445,0.2175901142830175
4.126365742897379,0.21806028552146833
4.123790268608947,0.21900062799837003
4.122501179862696,0.21923622081498478
4.121213042266099,0.2197074064482143
4.1186396164903085,0.2206497777146733
4.1173579734132835,0.22088470177191066
4.11607727209483,0.2213545498863854
4.114999915399262,0.22155230742637125
4.113923224752478,0.22194782250634296
4.11177183923989,0.22273885266628637
4.110493684428475,0.22297406292667876
4.10921646833838,0.22344448344746354
4.106664848362547,0.2243853244890331
4.105360631044962,0.22462603895660654
4.1040573927332185,0.22510746789175348
4.101453848907045,0.22607032576204733
4.100181704105947,0.2263058247822455
4.098910492336626,0.22677682282264183
4.096370863963851,0.2277188189034345
4.095086269784701,0.22795732225944054
4.093802628559018,0.22843432897145258
4.091238200909151,0.22938834239547665
4.089941079166076,0.22962988841455675
4.088644930676825,0.23011298045271697
4.086055549267449,0.23107916452903743
4.08478456396255,0.23131655329236342
4.0835145146736584,0.2317913308190154
4.080977220186821,0.2327408858723194
4.079720462847404,0.23297630889643198
4.078464622209511,0.23344715494465715
4.077408173673573,0.23364533251170594
4.07635237347523,0.23404168764580355
4.074242715807362,0.23483439791399877
4.073003082417811,0.23506752293652633
4.0717643428937995,0.23553377298158149
4.069289541743201,0.23646627307169177
4.068032290269711,0.23670339567491805
4.066775959743337,0.23717764088137064
4.064266057660645,0.2381261312942758
4.0630222710212704,0.23836140197096162
4.061779387202984,0.23883194332433327
4.059296324269334,0.2397730260310766
4.058033336571755,0.24001262489143402
4.056771281307425,0.24049182261214883
4.055726722944848,0.2406902639740442
4.054682802950425,0.24108714669783493
4.052596875827514,0.2418809121454164
4.051341106467912,0.2421200774280254
4.050086260958656,0.24259840799324342
4.047579337592135,0.24355506912367944
4.046330810669832,0.24379355550602402
4.045083198492962,0.24427052827071322
4.042590714531146,0.2452244738000916
4.041336924695579,0.24546466891811355
4.040084058860731,0.24594505915415743
4.039030120140553,0.24614725383875133
4.037976834908238,0.24655164320793915
4.037086686128892,0.24672261908820559
4.036197003852749,0.24706457084873848
4.034419037407668,0.24774847436980424
4.033181722725656,0.24798665555399305
4.031945310374239,0.24846301792237066
4.0309052053146255,0.24866351729059205
4.029865738430143,0.24906451602703483
4.028991216286821,0.24923329508821085
4.0281171456322,0.24957085321056285
4.026370357452212,0.2502459694552669
4.025154724129326,0.2504810903190667
4.02393996413873,0.2509513320466663
4.021513060556894,0.2518918155018655
4.020264867610952,0.25213393112607596
4.019017596896393,0.25261816237449686
4.016525818254883,0.25358662487133865
4.015267623838223,0.2538314037750806
4.014010368056798,0.25432096158256456
4.011498668385504,0.25530007719753245
4.010249025661249,0.2555439185151203
4.009000310422809,0.256031601150296
4.006505658457572,0.25700696642064735
4.005286705138435,0.2572455245428684
4.004068635800059,0.25772264078731055
4.003043957562633,0.25792345745951034
4.002019904529778,0.2583250908039099
3.999973671891275,0.2591283574927091
3.998764630657508,0.2593658978540304
3.997556461006708,0.25984097857667293
3.9951427328532976,0.260791140021958
3.9939345724948994,0.26102919287677645
3.9927272838723837,0.26150529858641325
3.990315318230754,0.26245751000568684
3.989108673773792,0.2626959514245949
3.987902900289535,0.263172834262411
3.9868823963740585,0.2633747732384389
3.985862515980209,0.26377865119049465
3.983824623574462,0.26458640709460624
3.9826237829538744,0.26482462586021777
3.9814238068512116,0.26530106339144083
3.979026444634077,0.26625393845388695
3.9778070369255074,0.2664965396380221
3.9765885221272557,0.2669817420062925
3.9755634758137917,0.2671859621016561
3.974539061009349,0.2675944022923834
3.9724921236987787,0.268411282673838
3.9712859630561326,0.268652192378282
3.9700806779801074,0.26913401178716995
3.9690605912893315,0.26933804118463534
3.968041131402569,0.2697460999795661
3.967183442211835,0.26991785059634854
3.9663261964649625,0.2702613518299134
3.9646130339895187,0.27094835429704317
3.9634426801822804,0.27118322284382235
3.9622731529593116,0.27165295993738076
3.961305148448907,0.27184748354329324
3.960337709889235,0.2722365307551183
3.958404528727092,0.27301462517876834
3.957171049468204,0.2732630972210838
3.955938490306509,0.2737600413057147
3.9534761283449735,0.27475392947497645
3.9522498132397095,0.27500169619863785
3.951024409117655,0.27549722964596063
3.9485763299488075,0.2764882965406062
3.9473958584116144,0.2767275075684718
